timeStamp,elapsed,label,responseCode,responseMessage,threadName,dataType,success,failureMessage,bytes,sentBytes,grpThreads,allThreads,URL,Latency,IdleTime,Connect
1784795524019,1611,Easy Calculation - Calculators,200,OK,Easy_Calculation 1-3,text,true,,48202,135,9,9,https://www.easycalculation.com/index.php,1610,0,947
1784795524269,1408,Easy Calculation - Calculators,200,OK,Easy_Calculation 1-4,text,true,,48202,135,9,9,https://www.easycalculation.com/index.php,1087,0,697
1784795523682,1999,Easy Calculation - Calculators,200,OK,Easy_Calculation 1-1,text,true,,48202,135,9,9,https://www.easycalculation.com/index.php,1685,0,1283
1784795523769,1931,Easy Calculation - Calculators,200,OK,Easy_Calculation 1-2,text,true,,48202,135,9,9,https://www.easycalculation.com/index.php,1915,0,1198
1784795525640,452,Easy Calculation - Converters,200,OK,Easy_Calculation 1-3,text,true,,24254,151,11,11,https://www.easycalculation.com/unit-conversion/index.php,451,0,0
1784795524516,1577,Easy Calculation - Calculators,200,OK,Easy_Calculation 1-5,text,true,,48202,135,11,11,https://www.easycalculation.com/index.php,1421,0,816
1784795525678,416,Easy Calculation - Converters,200,OK,Easy_Calculation 1-4,text,true,,24254,151,11,11,https://www.easycalculation.com/unit-conversion/index.php,415,0,0
1784795525701,400,Easy Calculation - Converters,200,OK,Easy_Calculation 1-2,text,true,,24254,151,11,11,https://www.easycalculation.com/unit-conversion/index.php,393,0,0
1784795525013,1563,Easy Calculation - Calculators,200,OK,Easy_Calculation 1-7,text,true,,48202,135,13,13,https://www.easycalculation.com/index.php,1081,0,679
1784795526094,483,Easy Calculation - Converters,200,OK,Easy_Calculation 1-5,text,true,,24254,151,13,13,https://www.easycalculation.com/unit-conversion/index.php,482,0,0
1784795526094,483,Easy Calculation - Formulas,200,OK,Easy_Calculation 1-4,text,true,,23703,144,13,13,https://www.easycalculation.com/formulas/index.php,483,0,0
1784795524764,1813,Easy Calculation - Calculators,200,OK,Easy_Calculation 1-6,text,true,,48202,135,13,13,https://www.easycalculation.com/index.php,1330,0,877
1784795526092,484,Easy Calculation - Formulas,200,OK,Easy_Calculation 1-3,text,true,,23703,144,13,13,https://www.easycalculation.com/formulas/index.php,484,0,0
1784795526102,478,Easy Calculation - Formulas,200,OK,Easy_Calculation 1-2,text,true,,23703,144,13,13,https://www.easycalculation.com/formulas/index.php,477,0,0
1784795526579,433,Easy Calculation - Currency,200,OK,Easy_Calculation 1-3,text,true,,19789,154,15,15,https://www.easycalculation.com/currency-converter/index.php,433,0,0
1784795526577,436,Easy Calculation - Converters,200,OK,Easy_Calculation 1-7,text,true,,24254,151,15,15,https://www.easycalculation.com/unit-conversion/index.php,435,0,0
1784795525263,1752,Easy Calculation - Calculators,200,OK,Easy_Calculation 1-8,text,true,,48202,135,15,15,https://www.easycalculation.com/index.php,1314,0,835
1784795526578,437,Easy Calculation - Converters,200,OK,Easy_Calculation 1-6,text,true,,24254,151,15,15,https://www.easycalculation.com/unit-conversion/index.php,437,0,0
1784795525511,1506,Easy Calculation - Calculators,200,OK,Easy_Calculation 1-9,text,true,,48202,135,15,15,https://www.easycalculation.com/index.php,1504,0,692
1784795526578,439,Easy Calculation - Formulas,200,OK,Easy_Calculation 1-5,text,true,,23703,144,15,15,https://www.easycalculation.com/formulas/index.php,438,0,0
1784795526578,439,Easy Calculation - Currency,200,OK,Easy_Calculation 1-4,text,true,,19789,154,15,15,https://www.easycalculation.com/currency-converter/index.php,439,0,0
1784795526580,440,Easy Calculation - Currency,200,OK,Easy_Calculation 1-2,text,true,,19789,154,15,15,https://www.easycalculation.com/currency-converter/index.php,440,0,0
1784795527013,381,Easy Calculation - Charts And Tables,200,OK,Easy_Calculation 1-3,text,true,,31053,147,16,16,https://www.easycalculation.com/charts-and-tables.php,315,0,0
1784795527016,381,Easy Calculation - Converters,200,OK,Easy_Calculation 1-8,text,true,,24254,151,16,16,https://www.easycalculation.com/unit-conversion/index.php,380,0,0
1784795527016,381,Easy Calculation - Formulas,200,OK,Easy_Calculation 1-6,text,true,,23703,144,16,16,https://www.easycalculation.com/formulas/index.php,381,0,0
1784795527014,387,Easy Calculation - Formulas,200,OK,Easy_Calculation 1-7,text,true,,23703,144,16,16,https://www.easycalculation.com/formulas/index.php,383,0,0
1784795527018,417,Easy Calculation - Currency,200,OK,Easy_Calculation 1-5,text,true,,19789,154,16,16,https://www.easycalculation.com/currency-converter/index.php,416,0,0
1784795527018,473,Easy Calculation - Charts And Tables,200,OK,Easy_Calculation 1-4,text,true,,31053,147,16,16,https://www.easycalculation.com/charts-and-tables.php,453,0,0
1784795527018,493,Easy Calculation - Converters,200,OK,Easy_Calculation 1-9,text,true,,24254,151,17,17,https://www.easycalculation.com/unit-conversion/index.php,475,0,0
1784795525761,1785,Easy Calculation - Calculators,200,OK,Easy_Calculation 1-10,text,true,,48202,135,17,17,https://www.easycalculation.com/index.php,1285,0,820
1784795527021,559,Easy Calculation - Charts And Tables,200,OK,Easy_Calculation 1-2,text,true,,31053,147,17,17,https://www.easycalculation.com/charts-and-tables.php,557,0,0
1784795527402,419,Easy Calculation - Currency,200,OK,Easy_Calculation 1-7,text,true,,19789,154,18,18,https://www.easycalculation.com/currency-converter/index.php,419,0,0
1784795527395,427,Easy Calculation - Calculators,200,OK,Easy_Calculation 1-3,text,true,,48202,135,18,18,https://www.easycalculation.com/index.php,426,0,0
1784795527398,425,Easy Calculation - Formulas,200,OK,Easy_Calculation 1-8,text,true,,23703,144,18,18,https://www.easycalculation.com/formulas/index.php,425,0,0
1784795527398,425,Easy Calculation - Currency,200,OK,Easy_Calculation 1-6,text,true,,19789,154,18,18,https://www.easycalculation.com/currency-converter/index.php,425,0,0
1784795527435,389,Easy Calculation - Charts And Tables,200,OK,Easy_Calculation 1-5,text,true,,31053,147,18,18,https://www.easycalculation.com/charts-and-tables.php,388,0,0
1784795526259,1567,Easy Calculation - Calculators,200,OK,Easy_Calculation 1-12,text,true,,48202,135,18,18,https://www.easycalculation.com/index.php,1261,0,762
1784795527492,399,Easy Calculation - Calculators,200,OK,Easy_Calculation 1-4,text,true,,48202,135,18,18,https://www.easycalculation.com/index.php,353,0,0
1784795527512,409,Easy Calculation - Formulas,200,OK,Easy_Calculation 1-9,text,true,,23703,144,18,18,https://www.easycalculation.com/formulas/index.php,404,0,0
1784795526009,1915,Easy Calculation - Calculators,200,OK,Easy_Calculation 1-11,text,true,,48202,135,18,18,https://www.easycalculation.com/index.php,1522,0,1011
1784795527547,385,Easy Calculation - Converters,200,OK,Easy_Calculation 1-10,text,true,,24254,151,18,18,https://www.easycalculation.com/unit-conversion/index.php,384,0,0
1784795525683,2282,Easy Calculation - Converters,200,OK,Easy_Calculation 1-1,text,true,,24254,151,18,18,https://www.easycalculation.com/unit-conversion/index.php,1928,0,0
1784795527581,440,Easy Calculation - Calculators,200,OK,Easy_Calculation 1-2,text,true,,48202,135,19,19,https://www.easycalculation.com/index.php,432,0,0
1784795527822,405,Easy Calculation - Converters,200,OK,Easy_Calculation 1-3,text,true,,24254,151,19,19,https://www.easycalculation.com/unit-conversion/index.php,404,0,0
1784795527822,406,Easy Calculation - Charts And Tables,200,OK,Easy_Calculation 1-7,text,true,,31053,147,19,19,https://www.easycalculation.com/charts-and-tables.php,405,0,0
1784795527824,406,Easy Calculation - Currency,200,OK,Easy_Calculation 1-8,text,true,,19789,154,19,19,https://www.easycalculation.com/currency-converter/index.php,406,0,0
1784795527824,413,Easy Calculation - Calculators,200,OK,Easy_Calculation 1-5,text,true,,48202,135,19,19,https://www.easycalculation.com/index.php,406,0,0
1784795527827,413,Easy Calculation - Converters,200,OK,Easy_Calculation 1-12,text,true,,24254,151,19,19,https://www.easycalculation.com/unit-conversion/index.php,410,0,0
1784795527824,426,Easy Calculation - Charts And Tables,200,OK,Easy_Calculation 1-6,text,true,,31053,147,19,19,https://www.easycalculation.com/charts-and-tables.php,423,0,0
1784795527892,368,Easy Calculation - Converters,200,OK,Easy_Calculation 1-4,text,true,,24254,151,20,20,https://www.easycalculation.com/unit-conversion/index.php,364,0,0
1784795527921,362,Easy Calculation - Currency,200,OK,Easy_Calculation 1-9,text,true,,19789,154,20,20,https://www.easycalculation.com/currency-converter/index.php,361,0,0
1784795527925,406,Easy Calculation - Converters,200,OK,Easy_Calculation 1-11,text,true,,24254,151,20,20,https://www.easycalculation.com/unit-conversion/index.php,388,0,0
1784795527933,464,Easy Calculation - Formulas,200,OK,Easy_Calculation 1-10,text,true,,23703,144,20,20,https://www.easycalculation.com/formulas/index.php,443,0,0
1784795527966,446,Easy Calculation - Formulas,200,OK,Easy_Calculation 1-1,text,true,,23703,144,20,20,https://www.easycalculation.com/formulas/index.php,444,0,0
1784795528022,434,Easy Calculation - Converters,200,OK,Easy_Calculation 1-2,text,true,,24254,151,20,20,https://www.easycalculation.com/unit-conversion/index.php,431,0,0
1784795527004,1467,Easy Calculation - Calculators,200,OK,Easy_Calculation 1-15,text,true,,48202,135,20,20,https://www.easycalculation.com/index.php,1409,0,617
1784795526755,1716,Easy Calculation - Calculators,200,OK,Easy_Calculation 1-14,text,true,,48202,135,20,20,https://www.easycalculation.com/index.php,1296,0,832
1784795528227,389,Easy Calculation - Formulas,200,OK,Easy_Calculation 1-3,text,true,,23703,144,20,20,https://www.easycalculation.com/formulas/index.php,389,0,0
1784795528229,407,Easy Calculation - Calculators,200,OK,Easy_Calculation 1-7,text,true,,48202,135,20,20,https://www.easycalculation.com/index.php,392,0,0
1784795528231,472,Easy Calculation - Charts And Tables,200,OK,Easy_Calculation 1-8,text,true,,31053,147,20,20,https://www.easycalculation.com/charts-and-tables.php,430,0,0
1784795528240,488,Easy Calculation - Formulas,200,OK,Easy_Calculation 1-12,text,true,,23703,144,20,20,https://www.easycalculation.com/formulas/index.php,487,0,0
1784795528251,504,Easy Calculation - Calculators,200,OK,Easy_Calculation 1-6,text,true,,48202,135,20,20,https://www.easycalculation.com/index.php,485,0,0
1784795528261,499,Easy Calculation - Formulas,200,OK,Easy_Calculation 1-4,text,true,,23703,144,20,20,https://www.easycalculation.com/formulas/index.php,499,0,0
1784795528284,489,Easy Calculation - Charts And Tables,200,OK,Easy_Calculation 1-9,text,true,,31053,147,20,20,https://www.easycalculation.com/charts-and-tables.php,483,0,0
1784795528332,449,Easy Calculation - Formulas,200,OK,Easy_Calculation 1-11,text,true,,23703,144,20,20,https://www.easycalculation.com/formulas/index.php,446,0,0
1784795528397,410,Easy Calculation - Currency,200,OK,Easy_Calculation 1-10,text,true,,19789,154,20,20,https://www.easycalculation.com/currency-converter/index.php,410,0,0
1784795527253,1567,Easy Calculation - Calculators,200,OK,Easy_Calculation 1-16,text,true,,48202,135,20,20,https://www.easycalculation.com/index.php,1232,0,857
1784795528413,417,Easy Calculation - Currency,200,OK,Easy_Calculation 1-1,text,true,,19789,154,20,20,https://www.easycalculation.com/currency-converter/index.php,416,0,0
1784795528472,371,Easy Calculation - Converters,200,OK,Easy_Calculation 1-15,text,true,,24254,151,20,20,https://www.easycalculation.com/unit-conversion/index.php,366,0,0
1784795528456,395,Easy Calculation - Formulas,200,OK,Easy_Calculation 1-2,text,true,,23703,144,20,20,https://www.easycalculation.com/formulas/index.php,392,0,0
1784795528472,399,Easy Calculation - Converters,200,OK,Easy_Calculation 1-14,text,true,,24254,151,20,20,https://www.easycalculation.com/unit-conversion/index.php,396,0,0
1784795528617,311,Easy Calculation - Currency,200,OK,Easy_Calculation 1-3,text,true,,19789,154,20,20,https://www.easycalculation.com/currency-converter/index.php,311,0,0
1784795528637,316,Easy Calculation - Converters,200,OK,Easy_Calculation 1-7,text,true,,24254,151,20,20,https://www.easycalculation.com/unit-conversion/index.php,314,0,0
1784795528704,314,Easy Calculation - Calculators,200,OK,Easy_Calculation 1-8,text,true,,48202,135,20,20,https://www.easycalculation.com/index.php,304,0,0
1784795528729,293,Easy Calculation - Currency,200,OK,Easy_Calculation 1-12,text,true,,19789,154,20,20,https://www.easycalculation.com/currency-converter/index.php,290,0,0
1784795528757,311,Easy Calculation - Converters,200,OK,Easy_Calculation 1-6,text,true,,24254,151,20,20,https://www.easycalculation.com/unit-conversion/index.php,311,0,0
1784795528761,338,Easy Calculation - Currency,200,OK,Easy_Calculation 1-4,text,true,,19789,154,20,20,https://www.easycalculation.com/currency-converter/index.php,337,0,0
1784795526505,2628,Easy Calculation - Calculators,200,OK,Easy_Calculation 1-13,text,true,,48202,135,20,20,https://www.easycalculation.com/index.php,2283,0,1852
1784795527502,1645,Easy Calculation - Calculators,200,OK,Easy_Calculation 1-17,text,true,,48202,135,20,20,https://www.easycalculation.com/index.php,1299,0,864
1784795528782,393,Easy Calculation - Currency,200,OK,Easy_Calculation 1-11,text,true,,19789,154,20,20,https://www.easycalculation.com/currency-converter/index.php,391,0,0
1784795528775,434,Easy Calculation - Calculators,200,OK,Easy_Calculation 1-9,text,true,,48202,135,20,20,https://www.easycalculation.com/index.php,422,0,0
1784795528809,429,Easy Calculation - Charts And Tables,200,OK,Easy_Calculation 1-10,text,true,,31053,147,20,20,https://www.easycalculation.com/charts-and-tables.php,413,0,0
1784795527751,1488,Easy Calculation - Calculators,200,OK,Easy_Calculation 1-18,text,true,,48202,135,20,20,https://www.easycalculation.com/index.php,1147,0,819
1784795528844,404,Easy Calculation - Formulas,200,OK,Easy_Calculation 1-15,text,true,,23703,144,20,20,https://www.easycalculation.com/formulas/index.php,403,0,0
1784795528832,434,Easy Calculation - Charts And Tables,200,OK,Easy_Calculation 1-1,text,true,,31053,147,20,20,https://www.easycalculation.com/charts-and-tables.php,431,0,0
1784795528853,431,Easy Calculation - Currency,200,OK,Easy_Calculation 1-2,text,true,,19789,154,20,20,https://www.easycalculation.com/currency-converter/index.php,427,0,0
1784795528873,428,Easy Calculation - Formulas,200,OK,Easy_Calculation 1-14,text,true,,23703,144,20,20,https://www.easycalculation.com/formulas/index.php,420,0,0
1784795528237,1124,Easy Calculation - Converters,200,OK,Easy_Calculation 1-5,text,true,,24254,151,20,20,https://www.easycalculation.com/unit-conversion/index.php,1119,0,0
1784795528929,459,Easy Calculation - Charts And Tables,200,OK,Easy_Calculation 1-3,text,true,,31053,147,20,20,https://www.easycalculation.com/charts-and-tables.php,450,0,0
1784795528953,449,Easy Calculation - Formulas,200,OK,Easy_Calculation 1-7,text,true,,23703,144,20,20,https://www.easycalculation.com/formulas/index.php,442,0,0
1784795529018,435,Easy Calculation - Converters,200,OK,Easy_Calculation 1-8,text,true,,24254,151,20,20,https://www.easycalculation.com/unit-conversion/index.php,435,0,0
1784795529023,457,Easy Calculation - Charts And Tables,200,OK,Easy_Calculation 1-12,text,true,,31053,147,20,20,https://www.easycalculation.com/charts-and-tables.php,441,0,0
1784795529069,421,Easy Calculation - Formulas,200,OK,Easy_Calculation 1-6,text,true,,23703,144,20,20,https://www.easycalculation.com/formulas/index.php,420,0,0
1784795529100,400,Easy Calculation - Charts And Tables,200,OK,Easy_Calculation 1-4,text,true,,31053,147,20,20,https://www.easycalculation.com/charts-and-tables.php,396,0,0
1784795529134,376,Easy Calculation - Converters,200,OK,Easy_Calculation 1-13,text,true,,24254,151,20,20,https://www.easycalculation.com/unit-conversion/index.php,371,0,0
1784795529175,343,Easy Calculation - Charts And Tables,200,OK,Easy_Calculation 1-11,text,true,,31053,147,20,20,https://www.easycalculation.com/charts-and-tables.php,338,0,0
1784795528004,1520,Easy Calculation - Calculators,200,OK,Easy_Calculation 1-19,text,true,,48202,135,20,20,https://www.easycalculation.com/index.php,1209,0,787
1784795529149,380,Easy Calculation - Converters,200,OK,Easy_Calculation 1-17,text,true,,24254,151,20,20,https://www.easycalculation.com/unit-conversion/index.php,380,0,0
1784795529209,326,Easy Calculation - Converters,200,OK,Easy_Calculation 1-9,text,true,,24254,151,20,20,https://www.easycalculation.com/unit-conversion/index.php,325,0,0
1784795529241,327,Easy Calculation - Converters,200,OK,Easy_Calculation 1-18,text,true,,24254,151,20,20,https://www.easycalculation.com/unit-conversion/index.php,321,0,0
1784795529239,351,Easy Calculation - Calculators,200,OK,Easy_Calculation 1-10,text,true,,48202,135,20,20,https://www.easycalculation.com/index.php,333,0,0
1784795529248,410,Easy Calculation - Currency,200,OK,Easy_Calculation 1-15,text,true,,19789,154,20,20,https://www.easycalculation.com/currency-converter/index.php,410,0,0
1784795528253,1436,Easy Calculation - Calculators,200,OK,Easy_Calculation 1-20,text,true,,48202,135,20,20,https://www.easycalculation.com/index.php,1088,0,660
1784795529267,431,Easy Calculation - Calculators,200,OK,Easy_Calculation 1-1,text,true,,48202,135,20,20,https://www.easycalculation.com/index.php,427,0,0
1784795529284,430,Easy Calculation - Charts And Tables,200,OK,Easy_Calculation 1-2,text,true,,31053,147,20,20,https://www.easycalculation.com/charts-and-tables.php,429,0,0
1784795529363,366,Easy Calculation - Formulas,200,OK,Easy_Calculation 1-5,text,true,,23703,144,20,20,https://www.easycalculation.com/formulas/index.php,366,0,0
1784795529301,435,Easy Calculation - Currency,200,OK,Easy_Calculation 1-14,text,true,,19789,154,20,20,https://www.easycalculation.com/currency-converter/index.php,434,0,0
1784795529389,359,Easy Calculation - Calculators,200,OK,Easy_Calculation 1-3,text,true,,48202,135,20,20,https://www.easycalculation.com/index.php,345,0,0
1784795529403,364,Easy Calculation - Currency,200,OK,Easy_Calculation 1-7,text,true,,19789,154,20,20,https://www.easycalculation.com/currency-converter/index.php,363,0,0
1784795529454,339,Easy Calculation - Formulas,200,OK,Easy_Calculation 1-8,text,true,,23703,144,20,20,https://www.easycalculation.com/formulas/index.php,339,0,0
1784795529490,323,Easy Calculation - Currency,200,OK,Easy_Calculation 1-6,text,true,,19789,154,20,20,https://www.easycalculation.com/currency-converter/index.php,322,0,0
1784795529500,344,Easy Calculation - Calculators,200,OK,Easy_Calculation 1-4,text,true,,48202,135,20,20,https://www.easycalculation.com/index.php,327,0,0
1784795529510,341,Easy Calculation - Formulas,200,OK,Easy_Calculation 1-13,text,true,,23703,144,20,20,https://www.easycalculation.com/formulas/index.php,334,0,0
1784795529526,334,Easy Calculation - Converters,200,OK,Easy_Calculation 1-19,text,true,,24254,151,20,20,https://www.easycalculation.com/unit-conversion/index.php,326,0,0
1784795529518,493,Easy Calculation - Calculators,200,OK,Easy_Calculation 1-11,text,true,,48202,135,20,20,https://www.easycalculation.com/index.php,364,0,0
1784795529568,510,Easy Calculation - Formulas,200,OK,Easy_Calculation 1-18,text,true,,23703,144,20,20,https://www.easycalculation.com/formulas/index.php,492,0,0
1784795529591,619,Easy Calculation - Converters,200,OK,Easy_Calculation 1-10,text,true,,24254,151,20,20,https://www.easycalculation.com/unit-conversion/index.php,614,0,0
1784795529529,704,Easy Calculation - Formulas,200,OK,Easy_Calculation 1-17,text,true,,23703,144,20,20,https://www.easycalculation.com/formulas/index.php,700,0,0
1784795529658,601,Easy Calculation - Charts And Tables,200,OK,Easy_Calculation 1-15,text,true,,31053,147,20,20,https://www.easycalculation.com/charts-and-tables.php,584,0,0
1784795529690,619,Easy Calculation - Converters,200,OK,Easy_Calculation 1-20,text,true,,24254,151,20,20,https://www.easycalculation.com/unit-conversion/index.php,608,0,0
1784795529699,684,Easy Calculation - Converters,200,OK,Easy_Calculation 1-1,text,true,,24254,151,20,20,https://www.easycalculation.com/unit-conversion/index.php,663,0,0
1784795529730,661,Easy Calculation - Currency,200,OK,Easy_Calculation 1-5,text,true,,19789,154,20,20,https://www.easycalculation.com/currency-converter/index.php,657,0,0
1784795529714,757,Easy Calculation - Calculators,200,OK,Easy_Calculation 1-2,text,true,,48202,135,20,20,https://www.easycalculation.com/index.php,747,0,0
1784795529749,725,Easy Calculation - Converters,200,OK,Easy_Calculation 1-3,text,true,,24254,151,20,20,https://www.easycalculation.com/unit-conversion/index.php,725,0,0
1784795529736,767,Easy Calculation - Charts And Tables,200,OK,Easy_Calculation 1-14,text,true,,31053,147,20,20,https://www.easycalculation.com/charts-and-tables.php,742,0,0
1784795529767,773,Easy Calculation - Charts And Tables,200,OK,Easy_Calculation 1-7,text,true,,31053,147,20,20,https://www.easycalculation.com/charts-and-tables.php,751,0,0
1784795529813,747,Easy Calculation - Charts And Tables,200,OK,Easy_Calculation 1-6,text,true,,31053,147,20,20,https://www.easycalculation.com/charts-and-tables.php,740,0,0
1784795529860,709,Easy Calculation - Formulas,200,OK,Easy_Calculation 1-19,text,true,,23703,144,20,20,https://www.easycalculation.com/formulas/index.php,709,0,0
1784795529844,741,Easy Calculation - Converters,200,OK,Easy_Calculation 1-4,text,true,,24254,151,20,20,https://www.easycalculation.com/unit-conversion/index.php,740,0,0
1784795529852,737,Easy Calculation - Currency,200,OK,Easy_Calculation 1-13,text,true,,19789,154,20,20,https://www.easycalculation.com/currency-converter/index.php,736,0,0
1784795530011,580,Easy Calculation - Converters,200,OK,Easy_Calculation 1-11,text,true,,24254,151,20,20,https://www.easycalculation.com/unit-conversion/index.php,580,0,0
1784795530079,514,Easy Calculation - Currency,200,OK,Easy_Calculation 1-18,text,true,,19789,154,20,20,https://www.easycalculation.com/currency-converter/index.php,514,0,0
1784795529535,1061,Easy Calculation - Formulas,200,OK,Easy_Calculation 1-9,text,true,,23703,144,20,20,https://www.easycalculation.com/formulas/index.php,1060,0,0
1784795529481,1163,Easy Calculation - Calculators,200,OK,Easy_Calculation 1-12,text,true,,48202,135,20,20,https://www.easycalculation.com/index.php,1123,0,0
1784795530233,425,Easy Calculation - Currency,200,OK,Easy_Calculation 1-17,text,true,,19789,154,20,20,https://www.easycalculation.com/currency-converter/index.php,424,0,0
1784795530259,427,Easy Calculation - Calculators,200,OK,Easy_Calculation 1-15,text,true,,48202,135,20,20,https://www.easycalculation.com/index.php,405,0,0
1784795528822,1879,Easy Calculation - Converters,200,OK,Easy_Calculation 1-16,text,true,,24254,151,20,20,https://www.easycalculation.com/unit-conversion/index.php,1875,0,0
1784795530309,398,Easy Calculation - Formulas,200,OK,Easy_Calculation 1-20,text,true,,23703,144,20,20,https://www.easycalculation.com/formulas/index.php,395,0,0
1784795530392,346,Easy Calculation - Charts And Tables,200,OK,Easy_Calculation 1-5,text,true,,31053,147,20,20,https://www.easycalculation.com/charts-and-tables.php,322,0,0
1784795530383,369,Easy Calculation - Formulas,200,OK,Easy_Calculation 1-1,text,true,,23703,144,20,20,https://www.easycalculation.com/formulas/index.php,365,0,0
1784795530474,312,Easy Calculation - Formulas,200,OK,Easy_Calculation 1-3,text,true,,23703,144,20,20,https://www.easycalculation.com/formulas/index.php,310,0,0
1784795530471,351,Easy Calculation - Converters,200,OK,Easy_Calculation 1-2,text,true,,24254,151,20,20,https://www.easycalculation.com/unit-conversion/index.php,342,0,0
1784795529794,1068,Easy Calculation - Currency,200,OK,Easy_Calculation 1-8,text,true,,19789,154,20,20,https://www.easycalculation.com/currency-converter/index.php,1068,0,0
1784795530541,380,Easy Calculation - Calculators,200,OK,Easy_Calculation 1-7,text,true,,48202,135,20,20,https://www.easycalculation.com/index.php,366,0,0
1784795530504,434,Easy Calculation - Calculators,200,OK,Easy_Calculation 1-14,text,true,,48202,135,20,20,https://www.easycalculation.com/index.php,420,0,0
1784795530570,374,Easy Calculation - Currency,200,OK,Easy_Calculation 1-19,text,true,,19789,154,20,20,https://www.easycalculation.com/currency-converter/index.php,373,0,0
1784795530561,400,Easy Calculation - Calculators,200,OK,Easy_Calculation 1-6,text,true,,48202,135,20,20,https://www.easycalculation.com/index.php,387,0,0
1784795530585,398,Easy Calculation - Formulas,200,OK,Easy_Calculation 1-4,text,true,,23703,144,20,20,https://www.easycalculation.com/formulas/index.php,397,0,0
1784795530594,400,Easy Calculation - Charts And Tables,200,OK,Easy_Calculation 1-18,text,true,,31053,147,20,20,https://www.easycalculation.com/charts-and-tables.php,394,0,0
1784795530591,420,Easy Calculation - Formulas,200,OK,Easy_Calculation 1-11,text,true,,23703,144,20,20,https://www.easycalculation.com/formulas/index.php,417,0,0
1784795530589,435,Easy Calculation - Charts And Tables,200,OK,Easy_Calculation 1-13,text,true,,31053,147,20,20,https://www.easycalculation.com/charts-and-tables.php,429,0,0
1784795530596,445,Easy Calculation - Currency,200,OK,Easy_Calculation 1-9,text,true,,19789,154,20,20,https://www.easycalculation.com/currency-converter/index.php,437,0,0
1784795530644,440,Easy Calculation - Converters,200,OK,Easy_Calculation 1-12,text,true,,24254,151,20,20,https://www.easycalculation.com/unit-conversion/index.php,440,0,0
1784795530686,413,Easy Calculation - Converters,200,OK,Easy_Calculation 1-15,text,true,,24254,151,20,20,https://www.easycalculation.com/unit-conversion/index.php,407,0,0
1784795530707,402,Easy Calculation - Currency,200,OK,Easy_Calculation 1-20,text,true,,19789,154,20,20,https://www.easycalculation.com/currency-converter/index.php,402,0,0
1784795530702,425,Easy Calculation - Formulas,200,OK,Easy_Calculation 1-16,text,true,,23703,144,20,20,https://www.easycalculation.com/formulas/index.php,425,0,0
1784795530738,410,Easy Calculation - Calculators,200,OK,Easy_Calculation 1-5,text,true,,48202,135,20,20,https://www.easycalculation.com/index.php,396,0,0
1784795530786,380,Easy Calculation - Currency,200,OK,Easy_Calculation 1-3,text,true,,19789,154,20,20,https://www.easycalculation.com/currency-converter/index.php,375,0,0
1784795530658,541,Easy Calculation - Charts And Tables,200,OK,Easy_Calculation 1-17,text,true,,31053,147,20,20,https://www.easycalculation.com/charts-and-tables.php,531,0,0
1784795530752,465,Easy Calculation - Currency,200,OK,Easy_Calculation 1-1,text,true,,19789,154,20,20,https://www.easycalculation.com/currency-converter/index.php,461,0,0
1784795530823,404,Easy Calculation - Formulas,200,OK,Easy_Calculation 1-2,text,true,,23703,144,20,20,https://www.easycalculation.com/formulas/index.php,401,0,0
1784795530863,380,Easy Calculation - Charts And Tables,200,OK,Easy_Calculation 1-8,text,true,,31053,147,20,20,https://www.easycalculation.com/charts-and-tables.php,371,0,0
1784795530921,336,Easy Calculation - Converters,200,OK,Easy_Calculation 1-7,text,true,,24254,151,20,20,https://www.easycalculation.com/unit-conversion/index.php,332,0,0
1784795530944,328,Easy Calculation - Charts And Tables,200,OK,Easy_Calculation 1-19,text,true,,31053,147,20,20,https://www.easycalculation.com/charts-and-tables.php,320,0,0
1784795530939,349,Easy Calculation - Converters,200,OK,Easy_Calculation 1-14,text,true,,24254,151,20,20,https://www.easycalculation.com/unit-conversion/index.php,339,0,0
1784795530961,343,Easy Calculation - Converters,200,OK,Easy_Calculation 1-6,text,true,,24254,151,20,20,https://www.easycalculation.com/unit-conversion/index.php,341,0,0
1784795530983,331,Easy Calculation - Currency,200,OK,Easy_Calculation 1-4,text,true,,19789,154,20,20,https://www.easycalculation.com/currency-converter/index.php,328,0,0
1784795530994,338,Easy Calculation - Calculators,200,OK,Easy_Calculation 1-18,text,true,,48202,135,20,20,https://www.easycalculation.com/index.php,326,0,0
1784795530211,1144,Easy Calculation - Formulas,200,OK,Easy_Calculation 1-10,text,true,,23703,144,20,20,https://www.easycalculation.com/formulas/index.php,1143,0,0
1784795531025,367,Easy Calculation - Calculators,200,OK,Easy_Calculation 1-13,text,true,,48202,135,20,20,https://www.easycalculation.com/index.php,337,0,0
1784795531042,394,Easy Calculation - Charts And Tables,200,OK,Easy_Calculation 1-9,text,true,,31053,147,20,20,https://www.easycalculation.com/charts-and-tables.php,371,0,0
1784795531085,353,Easy Calculation - Formulas,200,OK,Easy_Calculation 1-12,text,true,,23703,144,20,20,https://www.easycalculation.com/formulas/index.php,351,0,0
1784795531099,344,Easy Calculation - Formulas,200,OK,Easy_Calculation 1-15,text,true,,23703,144,20,20,https://www.easycalculation.com/formulas/index.php,343,0,0
1784795531109,346,Easy Calculation - Charts And Tables,200,OK,Easy_Calculation 1-20,text,true,,31053,147,20,20,https://www.easycalculation.com/charts-and-tables.php,339,0,0
1784795531128,346,Easy Calculation - Currency,200,OK,Easy_Calculation 1-16,text,true,,19789,154,20,20,https://www.easycalculation.com/currency-converter/index.php,345,0,0
1784795531148,335,Easy Calculation - Converters,200,OK,Easy_Calculation 1-5,text,true,,24254,151,20,20,https://www.easycalculation.com/unit-conversion/index.php,331,0,0
1784795531166,325,Easy Calculation - Charts And Tables,200,OK,Easy_Calculation 1-3,text,true,,31053,147,20,20,https://www.easycalculation.com/charts-and-tables.php,321,0,0
1784795531199,333,Easy Calculation - Calculators,200,OK,Easy_Calculation 1-17,text,true,,48202,135,20,20,https://www.easycalculation.com/index.php,326,0,0
1784795531217,347,Easy Calculation - Charts And Tables,200,OK,Easy_Calculation 1-1,text,true,,31053,147,20,20,https://www.easycalculation.com/charts-and-tables.php,340,0,0
1784795531243,350,Easy Calculation - Calculators,200,OK,Easy_Calculation 1-8,text,true,,48202,135,20,20,https://www.easycalculation.com/index.php,327,0,0
1784795531228,376,Easy Calculation - Currency,200,OK,Easy_Calculation 1-2,text,true,,19789,154,20,20,https://www.easycalculation.com/currency-converter/index.php,373,0,0
1784795531257,352,Easy Calculation - Formulas,200,OK,Easy_Calculation 1-7,text,true,,23703,144,20,20,https://www.easycalculation.com/formulas/index.php,351,0,0
1784795531272,369,Easy Calculation - Calculators,200,OK,Easy_Calculation 1-19,text,true,,48202,135,20,20,https://www.easycalculation.com/index.php,361,0,0
1784795531289,359,Easy Calculation - Formulas,200,OK,Easy_Calculation 1-14,text,true,,23703,144,20,20,https://www.easycalculation.com/formulas/index.php,358,0,0
1784795531304,369,Easy Calculation - Formulas,200,OK,Easy_Calculation 1-6,text,true,,23703,144,20,20,https://www.easycalculation.com/formulas/index.php,350,0,0
1784795531315,367,Easy Calculation - Charts And Tables,200,OK,Easy_Calculation 1-4,text,true,,31053,147,20,20,https://www.easycalculation.com/charts-and-tables.php,362,0,0
1784795531332,435,Easy Calculation - Converters,200,OK,Easy_Calculation 1-18,text,true,,24254,151,20,20,https://www.easycalculation.com/unit-conversion/index.php,431,0,0
1784795531355,441,Easy Calculation - Currency,200,OK,Easy_Calculation 1-10,text,true,,19789,154,20,20,https://www.easycalculation.com/currency-converter/index.php,441,0,0
1784795531438,364,Easy Calculation - Currency,200,OK,Easy_Calculation 1-12,text,true,,19789,154,20,20,https://www.easycalculation.com/currency-converter/index.php,364,0,0
1784795531443,366,Easy Calculation - Currency,200,OK,Easy_Calculation 1-15,text,true,,19789,154,20,20,https://www.easycalculation.com/currency-converter/index.php,366,0,0
1784795531392,421,Easy Calculation - Converters,200,OK,Easy_Calculation 1-13,text,true,,24254,151,20,20,https://www.easycalculation.com/unit-conversion/index.php,420,0,0
1784795531455,484,Easy Calculation - Calculators,200,OK,Easy_Calculation 1-20,text,true,,48202,135,20,20,https://www.easycalculation.com/index.php,460,0,0
1784795531483,457,Easy Calculation - Formulas,200,OK,Easy_Calculation 1-5,text,true,,23703,144,20,20,https://www.easycalculation.com/formulas/index.php,456,0,0
1784795531491,516,Easy Calculation - Calculators,200,OK,Easy_Calculation 1-3,text,true,,48202,135,20,20,https://www.easycalculation.com/index.php,482,0,0
1784795531533,479,Easy Calculation - Converters,200,OK,Easy_Calculation 1-17,text,true,,24254,151,20,20,https://www.easycalculation.com/unit-conversion/index.php,476,0,0
1784795531565,486,Easy Calculation - Calculators,200,OK,Easy_Calculation 1-1,text,true,,48202,135,20,20,https://www.easycalculation.com/index.php,468,0,0
1784795531594,479,Easy Calculation - Converters,200,OK,Easy_Calculation 1-8,text,true,,24254,151,20,20,https://www.easycalculation.com/unit-conversion/index.php,477,0,0
1784795531641,454,Easy Calculation - Converters,200,OK,Easy_Calculation 1-19,text,true,,24254,151,20,20,https://www.easycalculation.com/unit-conversion/index.php,439,0,0
1784795531604,509,Easy Calculation - Charts And Tables,200,OK,Easy_Calculation 1-2,text,true,,31053,147,20,20,https://www.easycalculation.com/charts-and-tables.php,492,0,0
1784795531609,512,Easy Calculation - Currency,200,OK,Easy_Calculation 1-7,text,true,,19789,154,20,20,https://www.easycalculation.com/currency-converter/index.php,509,0,0
1784795531674,453,Easy Calculation - Currency,200,OK,Easy_Calculation 1-6,text,true,,19789,154,20,20,https://www.easycalculation.com/currency-converter/index.php,453,0,0
1784795531648,487,Easy Calculation - Currency,200,OK,Easy_Calculation 1-14,text,true,,19789,154,20,20,https://www.easycalculation.com/currency-converter/index.php,486,0,0
1784795531683,484,Easy Calculation - Calculators,200,OK,Easy_Calculation 1-4,text,true,,48202,135,20,20,https://www.easycalculation.com/index.php,474,0,0
1784795531767,407,Easy Calculation - Formulas,200,OK,Easy_Calculation 1-18,text,true,,23703,144,20,20,https://www.easycalculation.com/formulas/index.php,404,0,0
1784795531803,395,Easy Calculation - Charts And Tables,200,OK,Easy_Calculation 1-12,text,true,,31053,147,20,20,https://www.easycalculation.com/charts-and-tables.php,392,0,0
1784795531809,399,Easy Calculation - Charts And Tables,200,OK,Easy_Calculation 1-15,text,true,,31053,147,20,20,https://www.easycalculation.com/charts-and-tables.php,395,0,0
1784795531437,772,Easy Calculation - Calculators,200,OK,Easy_Calculation 1-9,text,true,,48202,135,20,20,https://www.easycalculation.com/index.php,400,0,0
1784795531813,399,Easy Calculation - Formulas,200,OK,Easy_Calculation 1-13,text,true,,23703,144,20,20,https://www.easycalculation.com/formulas/index.php,399,0,0
1784795531011,1223,Easy Calculation - Currency,200,OK,Easy_Calculation 1-11,text,true,,19789,154,20,20,https://www.easycalculation.com/currency-converter/index.php,1222,0,0
1784795531940,298,Easy Calculation - Currency,200,OK,Easy_Calculation 1-5,text,true,,19789,154,20,20,https://www.easycalculation.com/currency-converter/index.php,297,0,0
1784795531939,302,Easy Calculation - Converters,200,OK,Easy_Calculation 1-20,text,true,,24254,151,20,20,https://www.easycalculation.com/unit-conversion/index.php,301,0,0
1784795531474,768,Easy Calculation - Charts And Tables,200,OK,Easy_Calculation 1-16,text,true,,31053,147,20,20,https://www.easycalculation.com/charts-and-tables.php,768,0,0
1784795532008,324,Easy Calculation - Converters,200,OK,Easy_Calculation 1-3,text,true,,24254,151,20,20,https://www.easycalculation.com/unit-conversion/index.php,321,0,0
1784795532012,543,Easy Calculation - Formulas,200,OK,Easy_Calculation 1-17,text,true,,23703,144,20,20,https://www.easycalculation.com/formulas/index.php,540,0,0
1784795532051,510,Easy Calculation - Converters,200,OK,Easy_Calculation 1-1,text,true,,24254,151,20,20,https://www.easycalculation.com/unit-conversion/index.php,509,0,0
1784795532073,490,Easy Calculation - Formulas,200,OK,Easy_Calculation 1-8,text,true,,23703,144,20,20,https://www.easycalculation.com/formulas/index.php,490,0,0
1784795532096,467,Easy Calculation - Formulas,200,OK,Easy_Calculation 1-19,text,true,,23703,144,20,20,https://www.easycalculation.com/formulas/index.php,467,0,0
1784795532114,450,Easy Calculation - Calculators,200,OK,Easy_Calculation 1-2,text,true,,48202,135,20,20,https://www.easycalculation.com/index.php,449,0,0
1784795532121,447,Easy Calculation - Charts And Tables,200,OK,Easy_Calculation 1-7,text,true,,31053,147,20,20,https://www.easycalculation.com/charts-and-tables.php,445,0,0
1784795532135,449,Easy Calculation - Charts And Tables,200,OK,Easy_Calculation 1-14,text,true,,31053,147,20,20,https://www.easycalculation.com/charts-and-tables.php,437,0,0
1784795532167,425,Easy Calculation - Converters,200,OK,Easy_Calculation 1-4,text,true,,24254,151,20,20,https://www.easycalculation.com/unit-conversion/index.php,422,0,0
1784795532174,425,Easy Calculation - Currency,200,OK,Easy_Calculation 1-18,text,true,,19789,154,20,20,https://www.easycalculation.com/currency-converter/index.php,424,0,0
1784795532198,415,Easy Calculation - Calculators,200,OK,Easy_Calculation 1-12,text,true,,48202,135,20,20,https://www.easycalculation.com/index.php,407,0,0
1784795532208,417,Easy Calculation - Calculators,200,OK,Easy_Calculation 1-15,text,true,,48202,135,20,20,https://www.easycalculation.com/index.php,410,0,0
1784795532210,419,Easy Calculation - Converters,200,OK,Easy_Calculation 1-9,text,true,,24254,151,20,20,https://www.easycalculation.com/unit-conversion/index.php,418,0,0
1784795532213,421,Easy Calculation - Currency,200,OK,Easy_Calculation 1-13,text,true,,19789,154,20,20,https://www.easycalculation.com/currency-converter/index.php,421,0,0
1784795532238,401,Easy Calculation - Charts And Tables,200,OK,Easy_Calculation 1-5,text,true,,31053,147,20,20,https://www.easycalculation.com/charts-and-tables.php,400,0,0
1784795532242,403,Easy Calculation - Formulas,200,OK,Easy_Calculation 1-20,text,true,,23703,144,20,20,https://www.easycalculation.com/formulas/index.php,403,0,0
1784795532234,414,Easy Calculation - Charts And Tables,200,OK,Easy_Calculation 1-11,text,true,,31053,147,20,20,https://www.easycalculation.com/charts-and-tables.php,412,0,0
1784795532332,441,Easy Calculation - Formulas,200,OK,Easy_Calculation 1-3,text,true,,23703,144,20,20,https://www.easycalculation.com/formulas/index.php,431,0,0
1784795532564,349,Easy Calculation - Currency,200,OK,Easy_Calculation 1-19,text,true,,19789,154,20,20,https://www.easycalculation.com/currency-converter/index.php,349,0,0
1784795532564,352,Easy Calculation - Currency,200,OK,Easy_Calculation 1-8,text,true,,19789,154,20,20,https://www.easycalculation.com/currency-converter/index.php,350,0,0
1784795532561,375,Easy Calculation - Formulas,200,OK,Easy_Calculation 1-1,text,true,,23703,144,20,20,https://www.easycalculation.com/formulas/index.php,358,0,0
1784795532556,389,Easy Calculation - Currency,200,OK,Easy_Calculation 1-17,text,true,,19789,154,20,20,https://www.easycalculation.com/currency-converter/index.php,383,0,0
1784795532568,394,Easy Calculation - Calculators,200,OK,Easy_Calculation 1-7,text,true,,48202,135,20,20,https://www.easycalculation.com/index.php,375,0,0
1784795532242,732,Easy Calculation - Calculators,200,OK,Easy_Calculation 1-16,text,true,,48202,135,20,20,https://www.easycalculation.com/index.php,411,0,0
1784795532565,412,Easy Calculation - Converters,200,OK,Easy_Calculation 1-2,text,true,,24254,151,20,20,https://www.easycalculation.com/unit-conversion/index.php,411,0,0
1784795532614,363,Easy Calculation - Converters,200,OK,Easy_Calculation 1-12,text,true,,24254,151,20,20,https://www.easycalculation.com/unit-conversion/index.php,362,0,0
1784795532599,382,Easy Calculation - Charts And Tables,200,OK,Easy_Calculation 1-18,text,true,,31053,147,20,20,https://www.easycalculation.com/charts-and-tables.php,377,0,0
1784795532593,390,Easy Calculation - Formulas,200,OK,Easy_Calculation 1-4,text,true,,23703,144,20,20,https://www.easycalculation.com/formulas/index.php,390,0,0
1784795532625,369,Easy Calculation - Converters,200,OK,Easy_Calculation 1-15,text,true,,24254,151,20,20,https://www.easycalculation.com/unit-conversion/index.php,365,0,0
1784795532645,369,Easy Calculation - Currency,200,OK,Easy_Calculation 1-20,text,true,,19789,154,20,20,https://www.easycalculation.com/currency-converter/index.php,368,0,0
1784795532639,375,Easy Calculation - Calculators,200,OK,Easy_Calculation 1-5,text,true,,48202,135,20,20,https://www.easycalculation.com/index.php,365,0,0
1784795532584,444,Easy Calculation - Calculators,200,OK,Easy_Calculation 1-14,text,true,,48202,135,20,20,https://www.easycalculation.com/index.php,429,0,0
1784795532629,404,Easy Calculation - Formulas,200,OK,Easy_Calculation 1-9,text,true,,23703,144,20,20,https://www.easycalculation.com/formulas/index.php,404,0,0
1784795532635,413,Easy Calculation - Charts And Tables,200,OK,Easy_Calculation 1-13,text,true,,31053,147,20,20,https://www.easycalculation.com/charts-and-tables.php,413,0,0
1784795532774,312,Easy Calculation - Currency,200,OK,Easy_Calculation 1-3,text,true,,19789,154,20,20,https://www.easycalculation.com/currency-converter/index.php,311,0,0
1784795532127,979,Easy Calculation - Charts And Tables,200,OK,Easy_Calculation 1-6,text,true,,31053,147,20,20,https://www.easycalculation.com/charts-and-tables.php,978,0,0
1784795532914,343,Easy Calculation - Charts And Tables,200,OK,Easy_Calculation 1-19,text,true,,31053,147,20,20,https://www.easycalculation.com/charts-and-tables.php,323,0,0
1784795532916,351,Easy Calculation - Charts And Tables,200,OK,Easy_Calculation 1-8,text,true,,31053,147,20,20,https://www.easycalculation.com/charts-and-tables.php,347,0,0
1784795532936,337,Easy Calculation - Currency,200,OK,Easy_Calculation 1-1,text,true,,19789,154,20,20,https://www.easycalculation.com/currency-converter/index.php,337,0,0
1784795532977,315,Easy Calculation - Formulas,200,OK,Easy_Calculation 1-12,text,true,,23703,144,20,20,https://www.easycalculation.com/formulas/index.php,315,0,0
1784795532945,352,Easy Calculation - Charts And Tables,200,OK,Easy_Calculation 1-17,text,true,,31053,147,20,20,https://www.easycalculation.com/charts-and-tables.php,347,0,0
1784795532963,354,Easy Calculation - Converters,200,OK,Easy_Calculation 1-7,text,true,,24254,151,20,20,https://www.easycalculation.com/unit-conversion/index.php,344,0,0
1784795532974,344,Easy Calculation - Converters,200,OK,Easy_Calculation 1-16,text,true,,24254,151,20,20,https://www.easycalculation.com/unit-conversion/index.php,339,0,0
1784795532982,371,Easy Calculation - Calculators,200,OK,Easy_Calculation 1-18,text,true,,48202,135,20,20,https://www.easycalculation.com/index.php,347,0,0
1784795532995,416,Easy Calculation - Formulas,200,OK,Easy_Calculation 1-15,text,true,,23703,144,20,20,https://www.easycalculation.com/formulas/index.php,416,0,0
1784795532977,436,Easy Calculation - Formulas,200,OK,Easy_Calculation 1-2,text,true,,23703,144,20,20,https://www.easycalculation.com/formulas/index.php,436,0,0
1784795532983,430,Easy Calculation - Currency,200,OK,Easy_Calculation 1-4,text,true,,19789,154,20,20,https://www.easycalculation.com/currency-converter/index.php,430,0,0
1784795533015,399,Easy Calculation - Converters,200,OK,Easy_Calculation 1-5,text,true,,24254,151,20,20,https://www.easycalculation.com/unit-conversion/index.php,398,0,0
1784795533028,386,Easy Calculation - Converters,200,OK,Easy_Calculation 1-14,text,true,,24254,151,20,20,https://www.easycalculation.com/unit-conversion/index.php,385,0,0
1784795533015,399,Easy Calculation - Charts And Tables,200,OK,Easy_Calculation 1-20,text,true,,31053,147,20,20,https://www.easycalculation.com/charts-and-tables.php,398,0,0
1784795533049,378,Easy Calculation - Calculators,200,OK,Easy_Calculation 1-13,text,true,,48202,135,20,20,https://www.easycalculation.com/index.php,369,0,0
1784795533086,347,Easy Calculation - Charts And Tables,200,OK,Easy_Calculation 1-3,text,true,,31053,147,20,20,https://www.easycalculation.com/charts-and-tables.php,342,0,0
1784795533106,357,Easy Calculation - Calculators,200,OK,Easy_Calculation 1-6,text,true,,48202,135,20,20,https://www.easycalculation.com/index.php,346,0,0
1784795533257,347,Easy Calculation - Calculators,200,OK,Easy_Calculation 1-19,text,true,,48202,135,20,20,https://www.easycalculation.com/index.php,320,0,0
1784795533268,345,Easy Calculation - Calculators,200,OK,Easy_Calculation 1-8,text,true,,48202,135,20,20,https://www.easycalculation.com/index.php,341,0,0
1784795533292,342,Easy Calculation - Currency,200,OK,Easy_Calculation 1-12,text,true,,19789,154,20,20,https://www.easycalculation.com/currency-converter/index.php,340,0,0
1784795533273,380,Easy Calculation - Charts And Tables,200,OK,Easy_Calculation 1-1,text,true,,31053,147,20,20,https://www.easycalculation.com/charts-and-tables.php,368,0,0
1784795533297,385,Easy Calculation - Calculators,200,OK,Easy_Calculation 1-17,text,true,,48202,135,20,20,https://www.easycalculation.com/index.php,372,0,0
1784795533319,366,Easy Calculation - Formulas,200,OK,Easy_Calculation 1-16,text,true,,23703,144,20,20,https://www.easycalculation.com/formulas/index.php,363,0,0
1784795533317,376,Easy Calculation - Formulas,200,OK,Easy_Calculation 1-7,text,true,,23703,144,20,20,https://www.easycalculation.com/formulas/index.php,373,0,0
1784795533354,347,Easy Calculation - Converters,200,OK,Easy_Calculation 1-18,text,true,,24254,151,20,20,https://www.easycalculation.com/unit-conversion/index.php,344,0,0
1784795533411,331,Easy Calculation - Currency,200,OK,Easy_Calculation 1-15,text,true,,19789,154,20,20,https://www.easycalculation.com/currency-converter/index.php,331,0,0
1784795533414,352,Easy Calculation - Formulas,200,OK,Easy_Calculation 1-5,text,true,,23703,144,20,20,https://www.easycalculation.com/formulas/index.php,345,0,0
1784795533414,362,Easy Calculation - Charts And Tables,200,OK,Easy_Calculation 1-4,text,true,,31053,147,20,20,https://www.easycalculation.com/charts-and-tables.php,355,0,0
1784795533414,385,Easy Calculation - Calculators,200,OK,Easy_Calculation 1-20,text,true,,48202,135,20,20,https://www.easycalculation.com/index.php,368,0,0
1784795533414,398,Easy Calculation - Currency,200,OK,Easy_Calculation 1-2,text,true,,19789,154,20,20,https://www.easycalculation.com/currency-converter/index.php,395,0,0
1784795533434,395,Easy Calculation - Calculators,200,OK,Easy_Calculation 1-3,text,true,,48202,135,20,20,https://www.easycalculation.com/index.php,385,0,0
1784795533414,424,Easy Calculation - Formulas,200,OK,Easy_Calculation 1-14,text,true,,23703,144,20,20,https://www.easycalculation.com/formulas/index.php,422,0,0
1784795533427,429,Easy Calculation - Converters,200,OK,Easy_Calculation 1-13,text,true,,24254,151,20,20,https://www.easycalculation.com/unit-conversion/index.php,416,0,0
1784795533464,393,Easy Calculation - Converters,200,OK,Easy_Calculation 1-6,text,true,,24254,151,20,20,https://www.easycalculation.com/unit-conversion/index.php,393,0,0
1784795533604,297,Easy Calculation - Converters,200,OK,Easy_Calculation 1-19,text,true,,24254,151,20,20,https://www.easycalculation.com/unit-conversion/index.php,296,0,0
1784795533614,304,Easy Calculation - Converters,200,OK,Easy_Calculation 1-8,text,true,,24254,151,20,20,https://www.easycalculation.com/unit-conversion/index.php,304,0,0
1784795533634,297,Easy Calculation - Charts And Tables,200,OK,Easy_Calculation 1-12,text,true,,31053,147,20,20,https://www.easycalculation.com/charts-and-tables.php,293,0,0
1784795533033,907,Easy Calculation - Currency,200,OK,Easy_Calculation 1-9,text,true,,19789,154,20,20,https://www.easycalculation.com/currency-converter/index.php,905,0,0
1784795533653,328,Easy Calculation - Calculators,200,OK,Easy_Calculation 1-1,text,true,,48202,135,20,20,https://www.easycalculation.com/index.php,320,0,0
1784795533686,341,Easy Calculation - Currency,200,OK,Easy_Calculation 1-16,text,true,,19789,154,20,20,https://www.easycalculation.com/currency-converter/index.php,341,0,0
1784795533693,337,Easy Calculation - Currency,200,OK,Easy_Calculation 1-7,text,true,,19789,154,20,20,https://www.easycalculation.com/currency-converter/index.php,337,0,0
1784795533702,342,Easy Calculation - Formulas,200,OK,Easy_Calculation 1-18,text,true,,23703,144,20,20,https://www.easycalculation.com/formulas/index.php,341,0,0
1784795533683,384,Easy Calculation - Converters,200,OK,Easy_Calculation 1-17,text,true,,24254,151,20,20,https://www.easycalculation.com/unit-conversion/index.php,368,0,0
1784795531797,2271,Easy Calculation - Charts And Tables,200,OK,Easy_Calculation 1-10,text,true,,31053,147,20,20,https://www.easycalculation.com/charts-and-tables.php,2270,0,0
1784795533743,325,Easy Calculation - Charts And Tables,200,OK,Easy_Calculation 1-15,text,true,,31053,147,20,20,https://www.easycalculation.com/charts-and-tables.php,325,0,0
1784795533766,320,Easy Calculation - Currency,200,OK,Easy_Calculation 1-5,text,true,,19789,154,20,20,https://www.easycalculation.com/currency-converter/index.php,308,0,0
1784795533776,327,Easy Calculation - Calculators,200,OK,Easy_Calculation 1-4,text,true,,48202,135,20,20,https://www.easycalculation.com/index.php,316,0,0
1784795533799,324,Easy Calculation - Converters,200,OK,Easy_Calculation 1-20,text,true,,24254,151,20,20,https://www.easycalculation.com/unit-conversion/index.php,324,0,0
1784795533813,344,Easy Calculation - Charts And Tables,200,OK,Easy_Calculation 1-2,text,true,,31053,147,20,20,https://www.easycalculation.com/charts-and-tables.php,329,0,0
1784795532649,1537,Easy Calculation - Calculators,200,OK,Easy_Calculation 1-11,text,true,,48202,135,20,20,https://www.easycalculation.com/index.php,1209,0,0
1784795533839,348,Easy Calculation - Currency,200,OK,Easy_Calculation 1-14,text,true,,19789,154,20,20,https://www.easycalculation.com/currency-converter/index.php,348,0,0
1784795533857,334,Easy Calculation - Formulas,200,OK,Easy_Calculation 1-6,text,true,,23703,144,20,20,https://www.easycalculation.com/formulas/index.php,331,0,0
1784795533857,359,Easy Calculation - Formulas,200,OK,Easy_Calculation 1-13,text,true,,23703,144,20,20,https://www.easycalculation.com/formulas/index.php,341,0,0
1784795533902,317,Easy Calculation - Formulas,200,OK,Easy_Calculation 1-19,text,true,,23703,144,20,20,https://www.easycalculation.com/formulas/index.php,317,0,0
1784795533919,305,Easy Calculation - Formulas,200,OK,Easy_Calculation 1-8,text,true,,23703,144,20,20,https://www.easycalculation.com/formulas/index.php,303,0,0
1784795533932,323,Easy Calculation - Calculators,200,OK,Easy_Calculation 1-12,text,true,,48202,135,20,20,https://www.easycalculation.com/index.php,297,0,0
1784795533940,349,Easy Calculation - Charts And Tables,200,OK,Easy_Calculation 1-9,text,true,,31053,147,20,20,https://www.easycalculation.com/charts-and-tables.php,322,0,0
1784795533981,339,Easy Calculation - Converters,200,OK,Easy_Calculation 1-1,text,true,,24254,151,20,20,https://www.easycalculation.com/unit-conversion/index.php,338,0,0
1784795534028,313,Easy Calculation - Charts And Tables,200,OK,Easy_Calculation 1-16,text,true,,31053,147,20,20,https://www.easycalculation.com/charts-and-tables.php,308,0,0
1784795534044,303,Easy Calculation - Currency,200,OK,Easy_Calculation 1-18,text,true,,19789,154,20,20,https://www.easycalculation.com/currency-converter/index.php,299,0,0
1784795534031,347,Easy Calculation - Charts And Tables,200,OK,Easy_Calculation 1-7,text,true,,31053,147,20,20,https://www.easycalculation.com/charts-and-tables.php,345,0,0
1784795534068,344,Easy Calculation - Calculators,200,OK,Easy_Calculation 1-15,text,true,,48202,135,20,20,https://www.easycalculation.com/index.php,318,0,0
1784795534087,340,Easy Calculation - Charts And Tables,200,OK,Easy_Calculation 1-5,text,true,,31053,147,20,20,https://www.easycalculation.com/charts-and-tables.php,339,0,0
1784795534103,369,Easy Calculation - Converters,200,OK,Easy_Calculation 1-4,text,true,,24254,151,20,20,https://www.easycalculation.com/unit-conversion/index.php,369,0,0
1784795534068,414,Easy Calculation - Formulas,200,OK,Easy_Calculation 1-17,text,true,,23703,144,20,20,https://www.easycalculation.com/formulas/index.php,412,0,0
1784795534124,370,Easy Calculation - Formulas,200,OK,Easy_Calculation 1-20,text,true,,23703,144,20,20,https://www.easycalculation.com/formulas/index.php,366,0,0
1784795534158,356,Easy Calculation - Calculators,200,OK,Easy_Calculation 1-2,text,true,,48202,135,20,20,https://www.easycalculation.com/index.php,338,0,0
1784795534186,346,Easy Calculation - Converters,200,OK,Easy_Calculation 1-11,text,true,,24254,151,20,20,https://www.easycalculation.com/unit-conversion/index.php,341,0,0
1784795534191,351,Easy Calculation - Currency,200,OK,Easy_Calculation 1-6,text,true,,19789,154,20,20,https://www.easycalculation.com/currency-converter/index.php,346,0,0
1784795534187,358,Easy Calculation - Charts And Tables,200,OK,Easy_Calculation 1-14,text,true,,31053,147,20,20,https://www.easycalculation.com/charts-and-tables.php,355,0,0
1784795534219,328,Easy Calculation - Currency,200,OK,Easy_Calculation 1-19,text,true,,19789,154,20,20,https://www.easycalculation.com/currency-converter/index.php,328,0,0
1784795534224,326,Easy Calculation - Currency,200,OK,Easy_Calculation 1-8,text,true,,19789,154,20,20,https://www.easycalculation.com/currency-converter/index.php,325,0,0
1784795534216,340,Easy Calculation - Currency,200,OK,Easy_Calculation 1-13,text,true,,19789,154,20,20,https://www.easycalculation.com/currency-converter/index.php,339,0,0
1784795534255,315,Easy Calculation - Converters,200,OK,Easy_Calculation 1-12,text,true,,24254,151,20,20,https://www.easycalculation.com/unit-conversion/index.php,315,0,0
1784795534320,326,Easy Calculation - Formulas,200,OK,Easy_Calculation 1-1,text,true,,23703,144,20,20,https://www.easycalculation.com/formulas/index.php,321,0,0
1784795534347,310,Easy Calculation - Charts And Tables,200,OK,Easy_Calculation 1-18,text,true,,31053,147,20,20,https://www.easycalculation.com/charts-and-tables.php,309,0,0
1784795534342,333,Easy Calculation - Calculators,200,OK,Easy_Calculation 1-16,text,true,,48202,135,20,20,https://www.easycalculation.com/index.php,322,0,0
1784795534378,333,Easy Calculation - Calculators,200,OK,Easy_Calculation 1-7,text,true,,48202,135,20,20,https://www.easycalculation.com/index.php,325,0,0
1784795534413,318,Easy Calculation - Converters,200,OK,Easy_Calculation 1-15,text,true,,24254,151,20,20,https://www.easycalculation.com/unit-conversion/index.php,313,0,0
1784795534428,330,Easy Calculation - Calculators,200,OK,Easy_Calculation 1-5,text,true,,48202,135,20,20,https://www.easycalculation.com/index.php,307,0,0
1784795534068,694,Easy Calculation - Calculators,200,OK,Easy_Calculation 1-10,text,true,,48202,135,20,20,https://www.easycalculation.com/index.php,375,0,0
1784795534472,327,Easy Calculation - Formulas,200,OK,Easy_Calculation 1-4,text,true,,23703,144,20,20,https://www.easycalculation.com/formulas/index.php,321,0,0
1784795534494,327,Easy Calculation - Currency,200,OK,Easy_Calculation 1-20,text,true,,19789,154,20,20,https://www.easycalculation.com/currency-converter/index.php,316,0,0
1784795534482,350,Easy Calculation - Currency,200,OK,Easy_Calculation 1-17,text,true,,19789,154,20,20,https://www.easycalculation.com/currency-converter/index.php,350,0,0
1784795534514,331,Easy Calculation - Converters,200,OK,Easy_Calculation 1-2,text,true,,24254,151,20,20,https://www.easycalculation.com/unit-conversion/index.php,329,0,0
1784795534532,321,Easy Calculation - Formulas,200,OK,Easy_Calculation 1-11,text,true,,23703,144,20,20,https://www.easycalculation.com/formulas/index.php,320,0,0
1784795534547,316,Easy Calculation - Charts And Tables,200,OK,Easy_Calculation 1-19,text,true,,31053,147,20,20,https://www.easycalculation.com/charts-and-tables.php,310,0,0
1784795534543,351,Easy Calculation - Charts And Tables,200,OK,Easy_Calculation 1-6,text,true,,31053,147,20,20,https://www.easycalculation.com/charts-and-tables.php,333,0,0
1784795534550,347,Easy Calculation - Charts And Tables,200,OK,Easy_Calculation 1-8,text,true,,31053,147,20,20,https://www.easycalculation.com/charts-and-tables.php,344,0,0
1784795534571,342,Easy Calculation - Formulas,200,OK,Easy_Calculation 1-12,text,true,,23703,144,20,20,https://www.easycalculation.com/formulas/index.php,337,0,0
1784795534545,388,Easy Calculation - Calculators,200,OK,Easy_Calculation 1-14,text,true,,48202,135,20,20,https://www.easycalculation.com/index.php,378,0,0
1784795534556,387,Easy Calculation - Charts And Tables,200,OK,Easy_Calculation 1-13,text,true,,31053,147,20,20,https://www.easycalculation.com/charts-and-tables.php,383,0,0
1784795534289,654,Easy Calculation - Calculators,200,OK,Easy_Calculation 1-9,text,true,,48202,135,20,20,https://www.easycalculation.com/index.php,318,0,0
1784795534658,315,Easy Calculation - Calculators,200,OK,Easy_Calculation 1-18,text,true,,48202,135,20,20,https://www.easycalculation.com/index.php,311,0,0
1784795534647,350,Easy Calculation - Currency,200,OK,Easy_Calculation 1-1,text,true,,19789,154,20,20,https://www.easycalculation.com/currency-converter/index.php,350,0,0
1784795534676,331,Easy Calculation - Converters,200,OK,Easy_Calculation 1-16,text,true,,24254,151,20,20,https://www.easycalculation.com/unit-conversion/index.php,322,0,0
1784795534712,335,Easy Calculation - Converters,200,OK,Easy_Calculation 1-7,text,true,,24254,151,20,20,https://www.easycalculation.com/unit-conversion/index.php,329,0,0
1784795534731,325,Easy Calculation - Formulas,200,OK,Easy_Calculation 1-15,text,true,,23703,144,20,20,https://www.easycalculation.com/formulas/index.php,322,0,0
1784795534758,305,Easy Calculation - Converters,200,OK,Easy_Calculation 1-5,text,true,,24254,151,20,20,https://www.easycalculation.com/unit-conversion/index.php,305,0,0
1784795534763,319,Easy Calculation - Converters,200,OK,Easy_Calculation 1-10,text,true,,24254,151,20,20,https://www.easycalculation.com/unit-conversion/index.php,315,0,0
1784795534799,337,Easy Calculation - Currency,200,OK,Easy_Calculation 1-4,text,true,,19789,154,20,20,https://www.easycalculation.com/currency-converter/index.php,334,0,0
1784795534853,305,Easy Calculation - Currency,200,OK,Easy_Calculation 1-11,text,true,,19789,154,20,20,https://www.easycalculation.com/currency-converter/index.php,301,0,0
1784795534863,311,Easy Calculation - Calculators,200,OK,Easy_Calculation 1-19,text,true,,48202,135,20,20,https://www.easycalculation.com/index.php,300,0,0
1784795534832,350,Easy Calculation - Charts And Tables,200,OK,Easy_Calculation 1-17,text,true,,31053,147,20,20,https://www.easycalculation.com/charts-and-tables.php,346,0,0
1784795534846,347,Easy Calculation - Formulas,200,OK,Easy_Calculation 1-2,text,true,,23703,144,20,20,https://www.easycalculation.com/formulas/index.php,342,0,0
1784795534894,324,Easy Calculation - Calculators,200,OK,Easy_Calculation 1-6,text,true,,48202,135,20,20,https://www.easycalculation.com/index.php,314,0,0
1784795534898,338,Easy Calculation - Calculators,200,OK,Easy_Calculation 1-8,text,true,,48202,135,20,20,https://www.easycalculation.com/index.php,325,0,0
1784795534913,353,Easy Calculation - Currency,200,OK,Easy_Calculation 1-12,text,true,,19789,154,20,20,https://www.easycalculation.com/currency-converter/index.php,349,0,0
1784795534943,340,Easy Calculation - Calculators,200,OK,Easy_Calculation 1-13,text,true,,48202,135,20,20,https://www.easycalculation.com/index.php,327,0,0
1784795534933,359,Easy Calculation - Converters,200,OK,Easy_Calculation 1-14,text,true,,24254,151,20,20,https://www.easycalculation.com/unit-conversion/index.php,354,0,0
1784795534943,360,Easy Calculation - Converters,200,OK,Easy_Calculation 1-9,text,true,,24254,151,20,20,https://www.easycalculation.com/unit-conversion/index.php,356,0,0
1784795534974,333,Easy Calculation - Converters,200,OK,Easy_Calculation 1-18,text,true,,24254,151,20,20,https://www.easycalculation.com/unit-conversion/index.php,333,0,0
1784795535007,322,Easy Calculation - Formulas,200,OK,Easy_Calculation 1-16,text,true,,23703,144,20,20,https://www.easycalculation.com/formulas/index.php,318,0,0
1784795533830,1504,Easy Calculation - Converters,200,OK,Easy_Calculation 1-3,text,true,,24254,151,20,20,https://www.easycalculation.com/unit-conversion/index.php,1503,0,0
1784795535048,323,Easy Calculation - Formulas,200,OK,Easy_Calculation 1-7,text,true,,23703,144,20,20,https://www.easycalculation.com/formulas/index.php,314,0,0
1784795535056,318,Easy Calculation - Currency,200,OK,Easy_Calculation 1-15,text,true,,19789,154,20,20,https://www.easycalculation.com/currency-converter/index.php,318,0,0
1784795535064,310,Easy Calculation - Formulas,200,OK,Easy_Calculation 1-5,text,true,,23703,144,20,20,https://www.easycalculation.com/formulas/index.php,310,0,0
1784795535083,333,Easy Calculation - Formulas,200,OK,Easy_Calculation 1-10,text,true,,23703,144,20,20,https://www.easycalculation.com/formulas/index.php,331,0,0
1784795535136,320,Easy Calculation - Charts And Tables,200,OK,Easy_Calculation 1-4,text,true,,31053,147,20,20,https://www.easycalculation.com/charts-and-tables.php,313,0,0
1784795535158,334,Easy Calculation - Charts And Tables,200,OK,Easy_Calculation 1-11,text,true,,31053,147,20,20,https://www.easycalculation.com/charts-and-tables.php,311,0,0
1784795535174,328,Easy Calculation - Converters,200,OK,Easy_Calculation 1-19,text,true,,24254,151,20,20,https://www.easycalculation.com/unit-conversion/index.php,323,0,0
1784795535183,368,Easy Calculation - Calculators,200,OK,Easy_Calculation 1-17,text,true,,48202,135,20,20,https://www.easycalculation.com/index.php,342,0,0
1784795535193,374,Easy Calculation - Currency,200,OK,Easy_Calculation 1-2,text,true,,19789,154,20,20,https://www.easycalculation.com/currency-converter/index.php,374,0,0
1784795535218,365,Easy Calculation - Converters,200,OK,Easy_Calculation 1-6,text,true,,24254,151,20,20,https://www.easycalculation.com/unit-conversion/index.php,365,0,0
1784795535236,386,Easy Calculation - Converters,200,OK,Easy_Calculation 1-8,text,true,,24254,151,20,20,https://www.easycalculation.com/unit-conversion/index.php,372,0,0
1784795535266,386,Easy Calculation - Charts And Tables,200,OK,Easy_Calculation 1-12,text,true,,31053,147,20,20,https://www.easycalculation.com/charts-and-tables.php,374,0,0
1784795535307,364,Easy Calculation - Formulas,200,OK,Easy_Calculation 1-18,text,true,,23703,144,20,20,https://www.easycalculation.com/formulas/index.php,360,0,0
1784795535283,404,Easy Calculation - Converters,200,OK,Easy_Calculation 1-13,text,true,,24254,151,20,20,https://www.easycalculation.com/unit-conversion/index.php,399,0,0
1784795535303,393,Easy Calculation - Formulas,200,OK,Easy_Calculation 1-9,text,true,,23703,144,20,20,https://www.easycalculation.com/formulas/index.php,390,0,0
1784795535293,439,Easy Calculation - Formulas,200,OK,Easy_Calculation 1-14,text,true,,23703,144,20,20,https://www.easycalculation.com/formulas/index.php,419,0,0
1784795535329,427,Easy Calculation - Currency,200,OK,Easy_Calculation 1-16,text,true,,19789,154,20,20,https://www.easycalculation.com/currency-converter/index.php,424,0,0
1784795535334,438,Easy Calculation - Formulas,200,OK,Easy_Calculation 1-3,text,true,,23703,144,20,20,https://www.easycalculation.com/formulas/index.php,437,0,0
1784795535374,407,Easy Calculation - Currency,200,OK,Easy_Calculation 1-5,text,true,,19789,154,20,20,https://www.easycalculation.com/currency-converter/index.php,402,0,0
1784795535374,435,Easy Calculation - Charts And Tables,200,OK,Easy_Calculation 1-15,text,true,,31053,147,20,20,https://www.easycalculation.com/charts-and-tables.php,429,0,0
1784795535371,452,Easy Calculation - Currency,200,OK,Easy_Calculation 1-7,text,true,,19789,154,20,20,https://www.easycalculation.com/currency-converter/index.php,451,0,0
1784795534821,1026,Easy Calculation - Charts And Tables,200,OK,Easy_Calculation 1-20,text,true,,31053,147,20,20,https://www.easycalculation.com/charts-and-tables.php,1023,0,0
1784795535417,436,Easy Calculation - Currency,200,OK,Easy_Calculation 1-10,text,true,,19789,154,20,20,https://www.easycalculation.com/currency-converter/index.php,435,0,0
1784795535457,431,Easy Calculation - Calculators,200,OK,Easy_Calculation 1-4,text,true,,48202,135,20,20,https://www.easycalculation.com/index.php,400,0,0
1784795535493,444,Easy Calculation - Calculators,200,OK,Easy_Calculation 1-11,text,true,,48202,135,20,20,https://www.easycalculation.com/index.php,413,0,0
1784795535552,396,Easy Calculation - Converters,200,OK,Easy_Calculation 1-17,text,true,,24254,151,20,20,https://www.easycalculation.com/unit-conversion/index.php,394,0,0
1784795535584,392,Easy Calculation - Formulas,200,OK,Easy_Calculation 1-6,text,true,,23703,144,20,20,https://www.easycalculation.com/formulas/index.php,373,0,0
1784795535568,423,Easy Calculation - Charts And Tables,200,OK,Easy_Calculation 1-2,text,true,,31053,147,20,20,https://www.easycalculation.com/charts-and-tables.php,415,0,0
1784795535622,376,Easy Calculation - Formulas,200,OK,Easy_Calculation 1-8,text,true,,23703,144,20,20,https://www.easycalculation.com/formulas/index.php,369,0,0
1784795535653,365,Easy Calculation - Calculators,200,OK,Easy_Calculation 1-12,text,true,,48202,135,20,20,https://www.easycalculation.com/index.php,353,0,0
1784795534997,1029,Easy Calculation - Charts And Tables,200,OK,Easy_Calculation 1-1,text,true,,31053,147,20,20,https://www.easycalculation.com/charts-and-tables.php,1026,0,0
1784795535672,361,Easy Calculation - Currency,200,OK,Easy_Calculation 1-18,text,true,,19789,154,20,20,https://www.easycalculation.com/currency-converter/index.php,361,0,0
1784795535697,350,Easy Calculation - Currency,200,OK,Easy_Calculation 1-9,text,true,,19789,154,20,20,https://www.easycalculation.com/currency-converter/index.php,348,0,0
1784795535688,367,Easy Calculation - Formulas,200,OK,Easy_Calculation 1-13,text,true,,23703,144,20,20,https://www.easycalculation.com/formulas/index.php,363,0,0
1784795535733,341,Easy Calculation - Currency,200,OK,Easy_Calculation 1-14,text,true,,19789,154,20,20,https://www.easycalculation.com/currency-converter/index.php,341,0,0
1784795535757,338,Easy Calculation - Charts And Tables,200,OK,Easy_Calculation 1-16,text,true,,31053,147,20,20,https://www.easycalculation.com/charts-and-tables.php,334,0,0
1784795535772,328,Easy Calculation - Currency,200,OK,Easy_Calculation 1-3,text,true,,19789,154,20,20,https://www.easycalculation.com/currency-converter/index.php,326,0,0
1784795535782,335,Easy Calculation - Charts And Tables,200,OK,Easy_Calculation 1-5,text,true,,31053,147,20,20,https://www.easycalculation.com/charts-and-tables.php,321,0,0
1784795535810,334,Easy Calculation - Calculators,200,OK,Easy_Calculation 1-15,text,true,,48202,135,20,20,https://www.easycalculation.com/index.php,310,0,0
1784795535848,320,Easy Calculation - Calculators,200,OK,Easy_Calculation 1-20,text,true,,48202,135,20,20,https://www.easycalculation.com/index.php,301,0,0
1784795535823,354,Easy Calculation - Charts And Tables,200,OK,Easy_Calculation 1-7,text,true,,31053,147,20,20,https://www.easycalculation.com/charts-and-tables.php,349,0,0
1784795535853,331,Easy Calculation - Charts And Tables,200,OK,Easy_Calculation 1-10,text,true,,31053,147,20,20,https://www.easycalculation.com/charts-and-tables.php,329,0,0
1784795535889,304,Easy Calculation - Converters,200,OK,Easy_Calculation 1-4,text,true,,24254,151,20,20,https://www.easycalculation.com/unit-conversion/index.php,303,0,0
1784795535937,309,Easy Calculation - Converters,200,OK,Easy_Calculation 1-11,text,true,,24254,151,20,20,https://www.easycalculation.com/unit-conversion/index.php,307,0,0
1784795535977,304,Easy Calculation - Currency,200,OK,Easy_Calculation 1-6,text,true,,19789,154,20,20,https://www.easycalculation.com/currency-converter/index.php,302,0,0
1784795535949,337,Easy Calculation - Formulas,200,OK,Easy_Calculation 1-17,text,true,,23703,144,20,20,https://www.easycalculation.com/formulas/index.php,334,0,0
1784795535998,330,Easy Calculation - Currency,200,OK,Easy_Calculation 1-8,text,true,,19789,154,20,20,https://www.easycalculation.com/currency-converter/index.php,326,0,0
1784795536018,317,Easy Calculation - Converters,200,OK,Easy_Calculation 1-12,text,true,,24254,151,20,20,https://www.easycalculation.com/unit-conversion/index.php,316,0,0
1784795536033,330,Easy Calculation - Charts And Tables,200,OK,Easy_Calculation 1-18,text,true,,31053,147,20,20,https://www.easycalculation.com/charts-and-tables.php,309,0,0
1784795535991,373,Easy Calculation - Calculators,200,OK,Easy_Calculation 1-2,text,true,,48202,135,20,20,https://www.easycalculation.com/index.php,372,0,0
1784795536026,345,Easy Calculation - Calculators,200,OK,Easy_Calculation 1-1,text,true,,48202,135,20,20,https://www.easycalculation.com/index.php,338,0,0
1784795536047,331,Easy Calculation - Charts And Tables,200,OK,Easy_Calculation 1-9,text,true,,31053,147,20,20,https://www.easycalculation.com/charts-and-tables.php,328,0,0
1784795536055,326,Easy Calculation - Currency,200,OK,Easy_Calculation 1-13,text,true,,19789,154,20,20,https://www.easycalculation.com/currency-converter/index.php,325,0,0
1784795535503,883,Easy Calculation - Formulas,200,OK,Easy_Calculation 1-19,text,true,,23703,144,20,20,https://www.easycalculation.com/formulas/index.php,883,0,0
1784795536074,328,Easy Calculation - Charts And Tables,200,OK,Easy_Calculation 1-14,text,true,,31053,147,20,20,https://www.easycalculation.com/charts-and-tables.php,324,0,0
1784795536100,310,Easy Calculation - Charts And Tables,200,OK,Easy_Calculation 1-3,text,true,,31053,147,20,20,https://www.easycalculation.com/charts-and-tables.php,305,0,0
1784795536095,334,Easy Calculation - Calculators,200,OK,Easy_Calculation 1-16,text,true,,48202,135,20,20,https://www.easycalculation.com/index.php,315,0,0
1784795536118,334,Easy Calculation - Calculators,200,OK,Easy_Calculation 1-5,text,true,,48202,135,20,20,https://www.easycalculation.com/index.php,333,0,0
1784795536144,324,Easy Calculation - Converters,200,OK,Easy_Calculation 1-15,text,true,,24254,151,20,20,https://www.easycalculation.com/unit-conversion/index.php,323,0,0
1784795536193,307,Easy Calculation - Formulas,200,OK,Easy_Calculation 1-4,text,true,,23703,144,20,20,https://www.easycalculation.com/formulas/index.php,303,0,0
1784795536184,331,Easy Calculation - Calculators,200,OK,Easy_Calculation 1-10,text,true,,48202,135,20,20,https://www.easycalculation.com/index.php,316,0,0
1784795536246,323,Easy Calculation - Formulas,200,OK,Easy_Calculation 1-11,text,true,,23703,144,20,20,https://www.easycalculation.com/formulas/index.php,322,0,0
1784795536281,321,Easy Calculation - Charts And Tables,200,OK,Easy_Calculation 1-6,text,true,,31053,147,20,20,https://www.easycalculation.com/charts-and-tables.php,319,0,0
1784795536287,332,Easy Calculation - Currency,200,OK,Easy_Calculation 1-17,text,true,,19789,154,20,20,https://www.easycalculation.com/currency-converter/index.php,332,0,0
1784795536335,298,Easy Calculation - Formulas,200,OK,Easy_Calculation 1-12,text,true,,23703,144,20,20,https://www.easycalculation.com/formulas/index.php,297,0,0
1784795536328,309,Easy Calculation - Charts And Tables,200,OK,Easy_Calculation 1-8,text,true,,31053,147,20,20,https://www.easycalculation.com/charts-and-tables.php,309,0,0
1784795536363,310,Easy Calculation - Calculators,200,OK,Easy_Calculation 1-18,text,true,,48202,135,20,20,https://www.easycalculation.com/index.php,309,0,0
1784795536371,326,Easy Calculation - Converters,200,OK,Easy_Calculation 1-1,text,true,,24254,151,20,20,https://www.easycalculation.com/unit-conversion/index.php,325,0,0
1784795536364,335,Easy Calculation - Converters,200,OK,Easy_Calculation 1-2,text,true,,24254,151,20,20,https://www.easycalculation.com/unit-conversion/index.php,334,0,0
1784795536387,319,Easy Calculation - Currency,200,OK,Easy_Calculation 1-19,text,true,,19789,154,20,20,https://www.easycalculation.com/currency-converter/index.php,319,0,0
1784795536378,331,Easy Calculation - Calculators,200,OK,Easy_Calculation 1-9,text,true,,48202,135,20,20,https://www.easycalculation.com/index.php,324,0,0
1784795536410,309,Easy Calculation - Calculators,200,OK,Easy_Calculation 1-3,text,true,,48202,135,20,20,https://www.easycalculation.com/index.php,302,0,0
1784795536382,345,Easy Calculation - Charts And Tables,200,OK,Easy_Calculation 1-13,text,true,,31053,147,20,20,https://www.easycalculation.com/charts-and-tables.php,342,0,0
1784795536402,335,Easy Calculation - Calculators,200,OK,Easy_Calculation 1-14,text,true,,48202,135,20,20,https://www.easycalculation.com/index.php,329,0,0
1784795536429,310,Easy Calculation - Converters,200,OK,Easy_Calculation 1-16,text,true,,24254,151,20,20,https://www.easycalculation.com/unit-conversion/index.php,310,0,0
1784795536452,300,Easy Calculation - Converters,200,OK,Easy_Calculation 1-5,text,true,,24254,151,20,20,https://www.easycalculation.com/unit-conversion/index.php,296,0,0
1784795536468,293,Easy Calculation - Formulas,200,OK,Easy_Calculation 1-15,text,true,,23703,144,20,20,https://www.easycalculation.com/formulas/index.php,290,0,0
1784795536500,307,Easy Calculation - Currency,200,OK,Easy_Calculation 1-4,text,true,,19789,154,20,20,https://www.easycalculation.com/currency-converter/index.php,304,0,0
1784795536515,311,Easy Calculation - Converters,200,OK,Easy_Calculation 1-10,text,true,,24254,151,20,20,https://www.easycalculation.com/unit-conversion/index.php,308,0,0
1784795536569,318,Easy Calculation - Currency,200,OK,Easy_Calculation 1-11,text,true,,19789,154,20,20,https://www.easycalculation.com/currency-converter/index.php,318,0,0
1784795536602,315,Easy Calculation - Calculators,200,OK,Easy_Calculation 1-6,text,true,,48202,135,20,20,https://www.easycalculation.com/index.php,311,0,0
1784795536633,290,Easy Calculation - Currency,200,OK,Easy_Calculation 1-12,text,true,,19789,154,20,20,https://www.easycalculation.com/currency-converter/index.php,290,0,0
1784795536637,313,Easy Calculation - Calculators,200,OK,Easy_Calculation 1-8,text,true,,48202,135,20,20,https://www.easycalculation.com/index.php,307,0,0
1784795536619,333,Easy Calculation - Charts And Tables,200,OK,Easy_Calculation 1-17,text,true,,31053,147,20,20,https://www.easycalculation.com/charts-and-tables.php,331,0,0
1784795536673,310,Easy Calculation - Converters,200,OK,Easy_Calculation 1-18,text,true,,24254,151,20,20,https://www.easycalculation.com/unit-conversion/index.php,310,0,0
1784795536707,301,Easy Calculation - Charts And Tables,200,OK,Easy_Calculation 1-19,text,true,,31053,147,20,20,https://www.easycalculation.com/charts-and-tables.php,298,0,0
1784795536697,317,Easy Calculation - Formulas,200,OK,Easy_Calculation 1-1,text,true,,23703,144,20,20,https://www.easycalculation.com/formulas/index.php,317,0,0
1784795536699,327,Easy Calculation - Formulas,200,OK,Easy_Calculation 1-2,text,true,,23703,144,20,20,https://www.easycalculation.com/formulas/index.php,327,0,0
1784795536719,308,Easy Calculation - Converters,200,OK,Easy_Calculation 1-3,text,true,,24254,151,20,20,https://www.easycalculation.com/unit-conversion/index.php,308,0,0
1784795536709,318,Easy Calculation - Converters,200,OK,Easy_Calculation 1-9,text,true,,24254,151,20,20,https://www.easycalculation.com/unit-conversion/index.php,318,0,0
1784795536740,307,Easy Calculation - Formulas,200,OK,Easy_Calculation 1-16,text,true,,23703,144,20,20,https://www.easycalculation.com/formulas/index.php,305,0,0
1784795536752,305,Easy Calculation - Formulas,200,OK,Easy_Calculation 1-5,text,true,,23703,144,20,20,https://www.easycalculation.com/formulas/index.php,300,0,0
1784795536761,302,Easy Calculation - Currency,200,OK,Easy_Calculation 1-15,text,true,,19789,154,20,20,https://www.easycalculation.com/currency-converter/index.php,301,0,0
1784795536737,330,Easy Calculation - Converters,200,OK,Easy_Calculation 1-14,text,true,,24254,151,20,20,https://www.easycalculation.com/unit-conversion/index.php,327,0,0
1784795536168,911,Easy Calculation - Converters,200,OK,Easy_Calculation 1-20,text,true,,24254,151,20,20,https://www.easycalculation.com/unit-conversion/index.php,911,0,0
1784795536178,930,Easy Calculation - Calculators,200,OK,Easy_Calculation 1-7,text,true,,48202,135,20,20,https://www.easycalculation.com/index.php,927,0,0
1784795536807,316,Easy Calculation - Charts And Tables,200,OK,Easy_Calculation 1-4,text,true,,31053,147,20,20,https://www.easycalculation.com/charts-and-tables.php,310,0,0
1784795536826,342,Easy Calculation - Formulas,200,OK,Easy_Calculation 1-10,text,true,,23703,144,20,20,https://www.easycalculation.com/formulas/index.php,341,0,0
1784795536887,326,Easy Calculation - Charts And Tables,200,OK,Easy_Calculation 1-11,text,true,,31053,147,20,20,https://www.easycalculation.com/charts-and-tables.php,324,0,0
1784795536923,293,Easy Calculation - Charts And Tables,200,OK,Easy_Calculation 1-12,text,true,,31053,147,20,20,https://www.easycalculation.com/charts-and-tables.php,290,0,0
1784795536917,307,Easy Calculation - Converters,200,OK,Easy_Calculation 1-6,text,true,,24254,151,20,20,https://www.easycalculation.com/unit-conversion/index.php,307,0,0
1784795536951,313,Easy Calculation - Converters,200,OK,Easy_Calculation 1-8,text,true,,24254,151,20,20,https://www.easycalculation.com/unit-conversion/index.php,313,0,0
1784795536952,343,Easy Calculation - Calculators,200,OK,Easy_Calculation 1-17,text,true,,48202,135,20,20,https://www.easycalculation.com/index.php,338,0,0
1784795536983,316,Easy Calculation - Formulas,200,OK,Easy_Calculation 1-18,text,true,,23703,144,20,20,https://www.easycalculation.com/formulas/index.php,313,0,0
1784795537009,295,Easy Calculation - Calculators,200,OK,Easy_Calculation 1-19,text,true,,48202,135,20,20,https://www.easycalculation.com/index.php,292,0,0
1784795537014,310,Easy Calculation - Currency,200,OK,Easy_Calculation 1-1,text,true,,19789,154,20,20,https://www.easycalculation.com/currency-converter/index.php,310,0,0
1784795537027,301,Easy Calculation - Formulas,200,OK,Easy_Calculation 1-3,text,true,,23703,144,20,20,https://www.easycalculation.com/formulas/index.php,300,0,0
1784795537027,314,Easy Calculation - Formulas,200,OK,Easy_Calculation 1-9,text,true,,23703,144,20,20,https://www.easycalculation.com/formulas/index.php,313,0,0
1784795537057,307,Easy Calculation - Currency,200,OK,Easy_Calculation 1-5,text,true,,19789,154,20,20,https://www.easycalculation.com/currency-converter/index.php,307,0,0
1784795537063,318,Easy Calculation - Charts And Tables,200,OK,Easy_Calculation 1-15,text,true,,31053,147,20,20,https://www.easycalculation.com/charts-and-tables.php,305,0,0
1784795537047,341,Easy Calculation - Currency,200,OK,Easy_Calculation 1-16,text,true,,19789,154,20,20,https://www.easycalculation.com/currency-converter/index.php,341,0,0
1784795537079,311,Easy Calculation - Formulas,200,OK,Easy_Calculation 1-20,text,true,,23703,144,20,20,https://www.easycalculation.com/formulas/index.php,311,0,0
1784795537068,341,Easy Calculation - Formulas,200,OK,Easy_Calculation 1-14,text,true,,23703,144,20,20,https://www.easycalculation.com/formulas/index.php,341,0,0
1784795537108,316,Easy Calculation - Converters,200,OK,Easy_Calculation 1-7,text,true,,24254,151,20,20,https://www.easycalculation.com/unit-conversion/index.php,315,0,0
1784795537123,309,Easy Calculation - Calculators,200,OK,Easy_Calculation 1-4,text,true,,48202,135,20,20,https://www.easycalculation.com/index.php,304,0,0
1784795537168,326,Easy Calculation - Currency,200,OK,Easy_Calculation 1-10,text,true,,19789,154,20,20,https://www.easycalculation.com/currency-converter/index.php,326,0,0
1784795537216,302,Easy Calculation - Calculators,200,OK,Easy_Calculation 1-12,text,true,,48202,135,20,20,https://www.easycalculation.com/index.php,297,0,0
1784795537214,322,Easy Calculation - Calculators,200,OK,Easy_Calculation 1-11,text,true,,48202,135,20,20,https://www.easycalculation.com/index.php,317,0,0
1784795537224,314,Easy Calculation - Formulas,200,OK,Easy_Calculation 1-6,text,true,,23703,144,20,20,https://www.easycalculation.com/formulas/index.php,314,0,0
1784795537265,341,Easy Calculation - Formulas,200,OK,Easy_Calculation 1-8,text,true,,23703,144,20,20,https://www.easycalculation.com/formulas/index.php,306,0,0
1784795537300,313,Easy Calculation - Currency,200,OK,Easy_Calculation 1-18,text,true,,19789,154,20,20,https://www.easycalculation.com/currency-converter/index.php,312,0,0
1784795537304,317,Easy Calculation - Converters,200,OK,Easy_Calculation 1-19,text,true,,24254,151,20,20,https://www.easycalculation.com/unit-conversion/index.php,314,0,0
1784795537328,297,Easy Calculation - Currency,200,OK,Easy_Calculation 1-3,text,true,,19789,154,20,20,https://www.easycalculation.com/currency-converter/index.php,297,0,0
1784795537295,338,Easy Calculation - Converters,200,OK,Easy_Calculation 1-17,text,true,,24254,151,20,20,https://www.easycalculation.com/unit-conversion/index.php,336,0,0
1784795537324,343,Easy Calculation - Charts And Tables,200,OK,Easy_Calculation 1-1,text,true,,31053,147,20,20,https://www.easycalculation.com/charts-and-tables.php,333,0,0
1784795537342,333,Easy Calculation - Currency,200,OK,Easy_Calculation 1-9,text,true,,19789,154,20,20,https://www.easycalculation.com/currency-converter/index.php,330,0,0
1784795537365,318,Easy Calculation - Charts And Tables,200,OK,Easy_Calculation 1-5,text,true,,31053,147,20,20,https://www.easycalculation.com/charts-and-tables.php,315,0,0
1784795537382,316,Easy Calculation - Calculators,200,OK,Easy_Calculation 1-15,text,true,,48202,135,20,20,https://www.easycalculation.com/index.php,306,0,0
1784795537390,313,Easy Calculation - Currency,200,OK,Easy_Calculation 1-20,text,true,,19789,154,20,20,https://www.easycalculation.com/currency-converter/index.php,312,0,0
1784795537388,321,Easy Calculation - Charts And Tables,200,OK,Easy_Calculation 1-16,text,true,,31053,147,20,20,https://www.easycalculation.com/charts-and-tables.php,320,0,0
1784795537424,317,Easy Calculation - Formulas,200,OK,Easy_Calculation 1-7,text,true,,23703,144,20,20,https://www.easycalculation.com/formulas/index.php,317,0,0
1784795537409,332,Easy Calculation - Currency,200,OK,Easy_Calculation 1-14,text,true,,19789,154,20,20,https://www.easycalculation.com/currency-converter/index.php,319,0,0
1784795537432,321,Easy Calculation - Converters,200,OK,Easy_Calculation 1-4,text,true,,24254,151,20,20,https://www.easycalculation.com/unit-conversion/index.php,321,0,0
1784795537519,295,Easy Calculation - Converters,200,OK,Easy_Calculation 1-12,text,true,,24254,151,20,20,https://www.easycalculation.com/unit-conversion/index.php,295,0,0
1784795537494,334,Easy Calculation - Charts And Tables,200,OK,Easy_Calculation 1-10,text,true,,31053,147,20,20,https://www.easycalculation.com/charts-and-tables.php,321,0,0
1784795537536,311,Easy Calculation - Converters,200,OK,Easy_Calculation 1-11,text,true,,24254,151,20,20,https://www.easycalculation.com/unit-conversion/index.php,310,0,0
1784795537538,314,Easy Calculation - Currency,200,OK,Easy_Calculation 1-6,text,true,,19789,154,20,20,https://www.easycalculation.com/currency-converter/index.php,314,0,0
1784795537606,308,Easy Calculation - Currency,200,OK,Easy_Calculation 1-8,text,true,,19789,154,20,20,https://www.easycalculation.com/currency-converter/index.php,308,0,0
1784795537613,310,Easy Calculation - Charts And Tables,200,OK,Easy_Calculation 1-18,text,true,,31053,147,20,20,https://www.easycalculation.com/charts-and-tables.php,309,0,0
1784795537622,304,Easy Calculation - Formulas,200,OK,Easy_Calculation 1-19,text,true,,23703,144,20,20,https://www.easycalculation.com/formulas/index.php,302,0,0
1784795537027,930,Easy Calculation - Currency,200,OK,Easy_Calculation 1-2,text,true,,19789,154,20,20,https://www.easycalculation.com/currency-converter/index.php,922,0,0
1784795537626,332,Easy Calculation - Charts And Tables,200,OK,Easy_Calculation 1-3,text,true,,31053,147,20,20,https://www.easycalculation.com/charts-and-tables.php,322,0,0
1784795536727,1234,Easy Calculation - Calculators,200,OK,Easy_Calculation 1-13,text,true,,48202,135,20,20,https://www.easycalculation.com/index.php,909,0,0
1784795537633,346,Easy Calculation - Formulas,200,OK,Easy_Calculation 1-17,text,true,,23703,144,20,20,https://www.easycalculation.com/formulas/index.php,334,0,0
1784795537683,309,Easy Calculation - Calculators,200,OK,Easy_Calculation 1-5,text,true,,48202,135,20,20,https://www.easycalculation.com/index.php,304,0,0
1784795537675,326,Easy Calculation - Charts And Tables,200,OK,Easy_Calculation 1-9,text,true,,31053,147,20,20,https://www.easycalculation.com/charts-and-tables.php,322,0,0
1784795537703,318,Easy Calculation - Charts And Tables,200,OK,Easy_Calculation 1-20,text,true,,31053,147,20,20,https://www.easycalculation.com/charts-and-tables.php,301,0,0
1784795537709,317,Easy Calculation - Calculators,200,OK,Easy_Calculation 1-16,text,true,,48202,135,20,20,https://www.easycalculation.com/index.php,312,0,0
1784795537742,312,Easy Calculation - Currency,200,OK,Easy_Calculation 1-7,text,true,,19789,154,20,20,https://www.easycalculation.com/currency-converter/index.php,312,0,0
1784795537754,314,Easy Calculation - Formulas,200,OK,Easy_Calculation 1-4,text,true,,23703,144,20,20,https://www.easycalculation.com/formulas/index.php,314,0,0
1784795537743,339,Easy Calculation - Charts And Tables,200,OK,Easy_Calculation 1-14,text,true,,31053,147,20,20,https://www.easycalculation.com/charts-and-tables.php,327,0,0
1784795537828,330,Easy Calculation - Calculators,200,OK,Easy_Calculation 1-10,text,true,,48202,135,20,20,https://www.easycalculation.com/index.php,321,0,0
1784795537847,327,Easy Calculation - Formulas,200,OK,Easy_Calculation 1-11,text,true,,23703,144,20,20,https://www.easycalculation.com/formulas/index.php,317,0,0
1784795537852,329,Easy Calculation - Charts And Tables,200,OK,Easy_Calculation 1-6,text,true,,31053,147,20,20,https://www.easycalculation.com/charts-and-tables.php,324,0,0
1784795537923,326,Easy Calculation - Calculators,200,OK,Easy_Calculation 1-18,text,true,,48202,135,20,20,https://www.easycalculation.com/index.php,324,0,0
1784795537915,341,Easy Calculation - Charts And Tables,200,OK,Easy_Calculation 1-8,text,true,,31053,147,20,20,https://www.easycalculation.com/charts-and-tables.php,334,0,0
1784795537958,332,Easy Calculation - Calculators,200,OK,Easy_Calculation 1-3,text,true,,48202,135,20,20,https://www.easycalculation.com/index.php,330,0,0
1784795537962,336,Easy Calculation - Converters,200,OK,Easy_Calculation 1-13,text,true,,24254,151,20,20,https://www.easycalculation.com/unit-conversion/index.php,333,0,0
1784795537957,349,Easy Calculation - Charts And Tables,200,OK,Easy_Calculation 1-2,text,true,,31053,147,20,20,https://www.easycalculation.com/charts-and-tables.php,347,0,0
1784795537979,330,Easy Calculation - Currency,200,OK,Easy_Calculation 1-17,text,true,,19789,154,20,20,https://www.easycalculation.com/currency-converter/index.php,330,0,0
1784795537992,324,Easy Calculation - Converters,200,OK,Easy_Calculation 1-5,text,true,,24254,151,20,20,https://www.easycalculation.com/unit-conversion/index.php,322,0,0
1784795538002,335,Easy Calculation - Calculators,200,OK,Easy_Calculation 1-9,text,true,,48202,135,20,20,https://www.easycalculation.com/index.php,329,0,0
1784795538022,321,Easy Calculation - Calculators,200,OK,Easy_Calculation 1-20,text,true,,48202,135,20,20,https://www.easycalculation.com/index.php,316,0,0
1784795538026,321,Easy Calculation - Converters,200,OK,Easy_Calculation 1-16,text,true,,24254,151,20,20,https://www.easycalculation.com/unit-conversion/index.php,321,0,0
1784795538054,309,Easy Calculation - Charts And Tables,200,OK,Easy_Calculation 1-7,text,true,,31053,147,20,20,https://www.easycalculation.com/charts-and-tables.php,305,0,0
1784795538068,329,Easy Calculation - Currency,200,OK,Easy_Calculation 1-4,text,true,,19789,154,20,20,https://www.easycalculation.com/currency-converter/index.php,329,0,0
1784795538082,348,Easy Calculation - Calculators,200,OK,Easy_Calculation 1-14,text,true,,48202,135,20,20,https://www.easycalculation.com/index.php,347,0,0
1784795538158,330,Easy Calculation - Converters,200,OK,Easy_Calculation 1-10,text,true,,24254,151,20,20,https://www.easycalculation.com/unit-conversion/index.php,325,0,0
1784795538175,313,Easy Calculation - Currency,200,OK,Easy_Calculation 1-11,text,true,,19789,154,20,20,https://www.easycalculation.com/currency-converter/index.php,313,0,0
1784795538181,315,Easy Calculation - Calculators,200,OK,Easy_Calculation 1-6,text,true,,48202,135,20,20,https://www.easycalculation.com/index.php,312,0,0
1784795537698,826,Easy Calculation - Converters,200,OK,Easy_Calculation 1-15,text,true,,24254,151,20,20,https://www.easycalculation.com/unit-conversion/index.php,826,0,0
1784795537667,893,Easy Calculation - Calculators,200,OK,Easy_Calculation 1-1,text,true,,48202,135,20,20,https://www.easycalculation.com/index.php,876,0,0
1784795538249,314,Easy Calculation - Converters,200,OK,Easy_Calculation 1-18,text,true,,24254,151,20,20,https://www.easycalculation.com/unit-conversion/index.php,312,0,0
1784795538257,315,Easy Calculation - Calculators,200,OK,Easy_Calculation 1-8,text,true,,48202,135,20,20,https://www.easycalculation.com/index.php,312,0,0
1784795538291,323,Easy Calculation - Converters,200,OK,Easy_Calculation 1-3,text,true,,24254,151,20,20,https://www.easycalculation.com/unit-conversion/index.php,323,0,0
1784795537815,800,Easy Calculation - Formulas,200,OK,Easy_Calculation 1-12,text,true,,23703,144,20,20,https://www.easycalculation.com/formulas/index.php,800,0,0
1784795538298,351,Easy Calculation - Formulas,200,OK,Easy_Calculation 1-13,text,true,,23703,144,20,20,https://www.easycalculation.com/formulas/index.php,350,0,0
1784795538317,332,Easy Calculation - Formulas,200,OK,Easy_Calculation 1-5,text,true,,23703,144,20,20,https://www.easycalculation.com/formulas/index.php,331,0,0
1784795538306,348,Easy Calculation - Calculators,200,OK,Easy_Calculation 1-2,text,true,,48202,135,20,20,https://www.easycalculation.com/index.php,342,0,0
1784795538309,345,Easy Calculation - Charts And Tables,200,OK,Easy_Calculation 1-17,text,true,,31053,147,20,20,https://www.easycalculation.com/charts-and-tables.php,345,0,0
1784795538343,337,Easy Calculation - Converters,200,OK,Easy_Calculation 1-20,text,true,,24254,151,20,20,https://www.easycalculation.com/unit-conversion/index.php,313,0,0
1784795538347,344,Easy Calculation - Formulas,200,OK,Easy_Calculation 1-16,text,true,,23703,144,20,20,https://www.easycalculation.com/formulas/index.php,344,0,0
1784795538337,355,Easy Calculation - Converters,200,OK,Easy_Calculation 1-9,text,true,,24254,151,20,20,https://www.easycalculation.com/unit-conversion/index.php,350,0,0
1784795538397,340,Easy Calculation - Charts And Tables,200,OK,Easy_Calculation 1-4,text,true,,31053,147,20,20,https://www.easycalculation.com/charts-and-tables.php,330,0,0
1784795537926,834,Easy Calculation - Currency,200,OK,Easy_Calculation 1-19,text,true,,19789,154,20,20,https://www.easycalculation.com/currency-converter/index.php,834,0,0
1784795538430,346,Easy Calculation - Converters,200,OK,Easy_Calculation 1-14,text,true,,24254,151,20,20,https://www.easycalculation.com/unit-conversion/index.php,346,0,0
1784795538488,335,Easy Calculation - Charts And Tables,200,OK,Easy_Calculation 1-11,text,true,,31053,147,20,20,https://www.easycalculation.com/charts-and-tables.php,319,0,0
1784795538488,335,Easy Calculation - Formulas,200,OK,Easy_Calculation 1-10,text,true,,23703,144,20,20,https://www.easycalculation.com/formulas/index.php,335,0,0
1784795538524,299,Easy Calculation - Formulas,200,OK,Easy_Calculation 1-15,text,true,,23703,144,20,20,https://www.easycalculation.com/formulas/index.php,299,0,0
1784795538496,343,Easy Calculation - Converters,200,OK,Easy_Calculation 1-6,text,true,,24254,151,20,20,https://www.easycalculation.com/unit-conversion/index.php,342,0,0
1784795538563,319,Easy Calculation - Formulas,200,OK,Easy_Calculation 1-18,text,true,,23703,144,20,20,https://www.easycalculation.com/formulas/index.php,316,0,0
1784795538572,316,Easy Calculation - Converters,200,OK,Easy_Calculation 1-8,text,true,,24254,151,20,20,https://www.easycalculation.com/unit-conversion/index.php,316,0,0
1784795538561,333,Easy Calculation - Converters,200,OK,Easy_Calculation 1-1,text,true,,24254,151,20,20,https://www.easycalculation.com/unit-conversion/index.php,332,0,0
1784795538614,302,Easy Calculation - Currency,200,OK,Easy_Calculation 1-12,text,true,,19789,154,20,20,https://www.easycalculation.com/currency-converter/index.php,302,0,0
1784795538613,309,Easy Calculation - Formulas,200,OK,Easy_Calculation 1-3,text,true,,23703,144,20,20,https://www.easycalculation.com/formulas/index.php,304,0,0
1784795538648,318,Easy Calculation - Currency,200,OK,Easy_Calculation 1-5,text,true,,19789,154,20,20,https://www.easycalculation.com/currency-converter/index.php,318,0,0
1784795538679,295,Easy Calculation - Formulas,200,OK,Easy_Calculation 1-20,text,true,,23703,144,20,20,https://www.easycalculation.com/formulas/index.php,292,0,0
1784795538648,348,Easy Calculation - Currency,200,OK,Easy_Calculation 1-13,text,true,,19789,154,20,20,https://www.easycalculation.com/currency-converter/index.php,348,0,0
1784795538653,377,Easy Calculation - Converters,200,OK,Easy_Calculation 1-2,text,true,,24254,151,20,20,https://www.easycalculation.com/unit-conversion/index.php,363,0,0
1784795538690,344,Easy Calculation - Currency,200,OK,Easy_Calculation 1-16,text,true,,19789,154,20,20,https://www.easycalculation.com/currency-converter/index.php,344,0,0
1784795538653,387,Easy Calculation - Calculators,200,OK,Easy_Calculation 1-17,text,true,,48202,135,20,20,https://www.easycalculation.com/index.php,383,0,0
1784795538691,355,Easy Calculation - Formulas,200,OK,Easy_Calculation 1-9,text,true,,23703,144,20,20,https://www.easycalculation.com/formulas/index.php,352,0,0
1784795538737,315,Easy Calculation - Calculators,200,OK,Easy_Calculation 1-4,text,true,,48202,135,20,20,https://www.easycalculation.com/index.php,309,0,0
1784795538759,325,Easy Calculation - Charts And Tables,200,OK,Easy_Calculation 1-19,text,true,,31053,147,20,20,https://www.easycalculation.com/charts-and-tables.php,313,0,0
1784795538775,383,Easy Calculation - Formulas,200,OK,Easy_Calculation 1-14,text,true,,23703,144,20,20,https://www.easycalculation.com/formulas/index.php,380,0,0
1784795538822,338,Easy Calculation - Currency,200,OK,Easy_Calculation 1-15,text,true,,19789,154,20,20,https://www.easycalculation.com/currency-converter/index.php,338,0,0
1784795538822,345,Easy Calculation - Calculators,200,OK,Easy_Calculation 1-11,text,true,,48202,135,20,20,https://www.easycalculation.com/index.php,341,0,0
1784795538838,332,Easy Calculation - Formulas,200,OK,Easy_Calculation 1-6,text,true,,23703,144,20,20,https://www.easycalculation.com/formulas/index.php,329,0,0
1784795538822,351,Easy Calculation - Currency,200,OK,Easy_Calculation 1-10,text,true,,19789,154,20,20,https://www.easycalculation.com/currency-converter/index.php,350,0,0
1784795538881,311,Easy Calculation - Currency,200,OK,Easy_Calculation 1-18,text,true,,19789,154,20,20,https://www.easycalculation.com/currency-converter/index.php,311,0,0
1784795538887,332,Easy Calculation - Formulas,200,OK,Easy_Calculation 1-8,text,true,,23703,144,20,20,https://www.easycalculation.com/formulas/index.php,332,0,0
1784795538916,318,Easy Calculation - Charts And Tables,200,OK,Easy_Calculation 1-12,text,true,,31053,147,20,20,https://www.easycalculation.com/charts-and-tables.php,303,0,0
1784795538894,344,Easy Calculation - Formulas,200,OK,Easy_Calculation 1-1,text,true,,23703,144,20,20,https://www.easycalculation.com/formulas/index.php,343,0,0
1784795538922,324,Easy Calculation - Currency,200,OK,Easy_Calculation 1-3,text,true,,19789,154,20,20,https://www.easycalculation.com/currency-converter/index.php,320,0,0
1784795538364,922,Easy Calculation - Calculators,200,OK,Easy_Calculation 1-7,text,true,,48202,135,20,20,https://www.easycalculation.com/index.php,891,0,0
1784795538966,346,Easy Calculation - Charts And Tables,200,OK,Easy_Calculation 1-5,text,true,,31053,147,20,20,https://www.easycalculation.com/charts-and-tables.php,320,0,0
1784795538975,353,Easy Calculation - Currency,200,OK,Easy_Calculation 1-20,text,true,,19789,154,20,20,https://www.easycalculation.com/currency-converter/index.php,351,0,0
1784795538996,360,Easy Calculation - Charts And Tables,200,OK,Easy_Calculation 1-13,text,true,,31053,147,20,20,https://www.easycalculation.com/charts-and-tables.php,357,0,0
1784795539034,377,Easy Calculation - Charts And Tables,200,OK,Easy_Calculation 1-16,text,true,,31053,147,20,20,https://www.easycalculation.com/charts-and-tables.php,360,0,0
1784795539052,361,Easy Calculation - Converters,200,OK,Easy_Calculation 1-4,text,true,,24254,151,20,20,https://www.easycalculation.com/unit-conversion/index.php,360,0,0
1784795539046,400,Easy Calculation - Currency,200,OK,Easy_Calculation 1-9,text,true,,19789,154,20,20,https://www.easycalculation.com/currency-converter/index.php,387,0,0
1784795539030,417,Easy Calculation - Formulas,200,OK,Easy_Calculation 1-2,text,true,,23703,144,20,20,https://www.easycalculation.com/formulas/index.php,417,0,0
1784795539041,432,Easy Calculation - Converters,200,OK,Easy_Calculation 1-17,text,true,,24254,151,20,20,https://www.easycalculation.com/unit-conversion/index.php,431,0,0
1784795539084,407,Easy Calculation - Calculators,200,OK,Easy_Calculation 1-19,text,true,,48202,135,20,20,https://www.easycalculation.com/index.php,390,0,0
1784795539160,333,Easy Calculation - Charts And Tables,200,OK,Easy_Calculation 1-15,text,true,,31053,147,20,20,https://www.easycalculation.com/charts-and-tables.php,333,0,0
1784795539167,349,Easy Calculation - Converters,200,OK,Easy_Calculation 1-11,text,true,,24254,151,20,20,https://www.easycalculation.com/unit-conversion/index.php,349,0,0
1784795539159,362,Easy Calculation - Currency,200,OK,Easy_Calculation 1-14,text,true,,19789,154,20,20,https://www.easycalculation.com/currency-converter/index.php,362,0,0
1784795539170,358,Easy Calculation - Currency,200,OK,Easy_Calculation 1-6,text,true,,19789,154,20,20,https://www.easycalculation.com/currency-converter/index.php,358,0,0
1784795539219,315,Easy Calculation - Currency,200,OK,Easy_Calculation 1-8,text,true,,19789,154,20,20,https://www.easycalculation.com/currency-converter/index.php,315,0,0
1784795539234,335,Easy Calculation - Calculators,200,OK,Easy_Calculation 1-12,text,true,,48202,135,20,20,https://www.easycalculation.com/index.php,301,0,0
1784795539173,401,Easy Calculation - Charts And Tables,200,OK,Easy_Calculation 1-10,text,true,,31053,147,20,20,https://www.easycalculation.com/charts-and-tables.php,399,0,0
1784795539246,513,Easy Calculation - Charts And Tables,200,OK,Easy_Calculation 1-3,text,true,,31053,147,20,20,https://www.easycalculation.com/charts-and-tables.php,354,0,0
1784795539238,537,Easy Calculation - Currency,200,OK,Easy_Calculation 1-1,text,true,,19789,154,20,20,https://www.easycalculation.com/currency-converter/index.php,537,0,0
1784795539328,500,Easy Calculation - Charts And Tables,200,OK,Easy_Calculation 1-20,text,true,,31053,147,20,20,https://www.easycalculation.com/charts-and-tables.php,500,0,0
1784795539357,472,Easy Calculation - Calculators,200,OK,Easy_Calculation 1-13,text,true,,48202,135,20,20,https://www.easycalculation.com/index.php,468,0,0
1784795539312,517,Easy Calculation - Calculators,200,OK,Easy_Calculation 1-5,text,true,,48202,135,20,20,https://www.easycalculation.com/index.php,512,0,0
1784795539285,545,Easy Calculation - Converters,200,OK,Easy_Calculation 1-7,text,true,,24254,151,20,20,https://www.easycalculation.com/unit-conversion/index.php,545,0,0
1784795539412,419,Easy Calculation - Calculators,200,OK,Easy_Calculation 1-16,text,true,,48202,135,20,20,https://www.easycalculation.com/index.php,418,0,0
1784795539413,428,Easy Calculation - Formulas,200,OK,Easy_Calculation 1-4,text,true,,23703,144,20,20,https://www.easycalculation.com/formulas/index.php,428,0,0
1784795539447,405,Easy Calculation - Charts And Tables,200,OK,Easy_Calculation 1-9,text,true,,31053,147,20,20,https://www.easycalculation.com/charts-and-tables.php,401,0,0
1784795539448,428,Easy Calculation - Currency,200,OK,Easy_Calculation 1-2,text,true,,19789,154,20,20,https://www.easycalculation.com/currency-converter/index.php,411,0,0
1784795539494,411,Easy Calculation - Calculators,200,OK,Easy_Calculation 1-15,text,true,,48202,135,20,20,https://www.easycalculation.com/index.php,392,0,0
1784795539491,425,Easy Calculation - Converters,200,OK,Easy_Calculation 1-19,text,true,,24254,151,20,20,https://www.easycalculation.com/unit-conversion/index.php,425,0,0
1784795539516,429,Easy Calculation - Formulas,200,OK,Easy_Calculation 1-11,text,true,,23703,144,20,20,https://www.easycalculation.com/formulas/index.php,429,0,0
1784795539474,474,Easy Calculation - Formulas,200,OK,Easy_Calculation 1-17,text,true,,23703,144,20,20,https://www.easycalculation.com/formulas/index.php,458,0,0
1784795539529,431,Easy Calculation - Charts And Tables,200,OK,Easy_Calculation 1-6,text,true,,31053,147,20,20,https://www.easycalculation.com/charts-and-tables.php,419,0,0
1784795539534,428,Easy Calculation - Charts And Tables,200,OK,Easy_Calculation 1-8,text,true,,31053,147,20,20,https://www.easycalculation.com/charts-and-tables.php,428,0,0
1784795539569,468,Easy Calculation - Converters,200,OK,Easy_Calculation 1-12,text,true,,24254,151,20,20,https://www.easycalculation.com/unit-conversion/index.php,468,0,0
1784795539574,492,Easy Calculation - Calculators,200,OK,Easy_Calculation 1-10,text,true,,48202,135,20,20,https://www.easycalculation.com/index.php,488,0,0
1784795539759,331,Easy Calculation - Calculators,200,OK,Easy_Calculation 1-3,text,true,,48202,135,20,20,https://www.easycalculation.com/index.php,315,0,0
1784795539775,369,Easy Calculation - Charts And Tables,200,OK,Easy_Calculation 1-1,text,true,,31053,147,20,20,https://www.easycalculation.com/charts-and-tables.php,361,0,0
1784795539829,332,Easy Calculation - Calculators,200,OK,Easy_Calculation 1-20,text,true,,48202,135,20,20,https://www.easycalculation.com/index.php,321,0,0
1784795539829,339,Easy Calculation - Converters,200,OK,Easy_Calculation 1-5,text,true,,24254,151,20,20,https://www.easycalculation.com/unit-conversion/index.php,337,0,0
1784795539829,349,Easy Calculation - Converters,200,OK,Easy_Calculation 1-13,text,true,,24254,151,20,20,https://www.easycalculation.com/unit-conversion/index.php,349,0,0
1784795539841,387,Easy Calculation - Currency,200,OK,Easy_Calculation 1-4,text,true,,19789,154,20,20,https://www.easycalculation.com/currency-converter/index.php,360,0,0
1784795539831,401,Easy Calculation - Converters,200,OK,Easy_Calculation 1-16,text,true,,24254,151,20,20,https://www.easycalculation.com/unit-conversion/index.php,399,0,0
1784795539830,402,Easy Calculation - Formulas,200,OK,Easy_Calculation 1-7,text,true,,23703,144,20,20,https://www.easycalculation.com/formulas/index.php,353,0,0
1784795539852,386,Easy Calculation - Calculators,200,OK,Easy_Calculation 1-9,text,true,,48202,135,20,20,https://www.easycalculation.com/index.php,384,0,0
1784795539877,367,Easy Calculation - Charts And Tables,200,OK,Easy_Calculation 1-2,text,true,,31053,147,20,20,https://www.easycalculation.com/charts-and-tables.php,367,0,0
1784795539905,342,Easy Calculation - Converters,200,OK,Easy_Calculation 1-15,text,true,,24254,151,20,20,https://www.easycalculation.com/unit-conversion/index.php,340,0,0
1784795539916,334,Easy Calculation - Formulas,200,OK,Easy_Calculation 1-19,text,true,,23703,144,20,20,https://www.easycalculation.com/formulas/index.php,332,0,0
1784795539945,315,Easy Calculation - Currency,200,OK,Easy_Calculation 1-11,text,true,,19789,154,20,20,https://www.easycalculation.com/currency-converter/index.php,313,0,0
1784795539948,344,Easy Calculation - Currency,200,OK,Easy_Calculation 1-17,text,true,,19789,154,20,20,https://www.easycalculation.com/currency-converter/index.php,336,0,0
1784795540037,326,Easy Calculation - Formulas,200,OK,Easy_Calculation 1-12,text,true,,23703,144,20,20,https://www.easycalculation.com/formulas/index.php,326,0,0
1784795539522,863,Easy Calculation - Charts And Tables,200,OK,Easy_Calculation 1-14,text,true,,31053,147,20,20,https://www.easycalculation.com/charts-and-tables.php,858,0,0
1784795540066,324,Easy Calculation - Converters,200,OK,Easy_Calculation 1-10,text,true,,24254,151,20,20,https://www.easycalculation.com/unit-conversion/index.php,321,0,0
1784795540090,322,Easy Calculation - Converters,200,OK,Easy_Calculation 1-3,text,true,,24254,151,20,20,https://www.easycalculation.com/unit-conversion/index.php,321,0,0
1784795540144,330,Easy Calculation - Calculators,200,OK,Easy_Calculation 1-1,text,true,,48202,135,20,20,https://www.easycalculation.com/index.php,324,0,0
1784795540161,314,Easy Calculation - Converters,200,OK,Easy_Calculation 1-20,text,true,,24254,151,20,20,https://www.easycalculation.com/unit-conversion/index.php,313,0,0
1784795540178,330,Easy Calculation - Formulas,200,OK,Easy_Calculation 1-13,text,true,,23703,144,20,20,https://www.easycalculation.com/formulas/index.php,322,0,0
1784795540232,338,Easy Calculation - Formulas,200,OK,Easy_Calculation 1-16,text,true,,23703,144,20,20,https://www.easycalculation.com/formulas/index.php,336,0,0
1784795540232,375,Easy Calculation - Currency,200,OK,Easy_Calculation 1-7,text,true,,19789,154,20,20,https://www.easycalculation.com/currency-converter/index.php,375,0,0
1784795540228,380,Easy Calculation - Charts And Tables,200,OK,Easy_Calculation 1-4,text,true,,31053,147,20,20,https://www.easycalculation.com/charts-and-tables.php,349,0,0
1784795540248,362,Easy Calculation - Formulas,200,OK,Easy_Calculation 1-15,text,true,,23703,144,20,20,https://www.easycalculation.com/formulas/index.php,360,0,0
1784795540251,373,Easy Calculation - Currency,200,OK,Easy_Calculation 1-19,text,true,,19789,154,20,20,https://www.easycalculation.com/currency-converter/index.php,368,0,0
1784795540260,370,Easy Calculation - Charts And Tables,200,OK,Easy_Calculation 1-11,text,true,,31053,147,20,20,https://www.easycalculation.com/charts-and-tables.php,369,0,0
1784795540239,409,Easy Calculation - Converters,200,OK,Easy_Calculation 1-9,text,true,,24254,151,20,20,https://www.easycalculation.com/unit-conversion/index.php,406,0,0
1784795540244,427,Easy Calculation - Calculators,200,OK,Easy_Calculation 1-2,text,true,,48202,135,20,20,https://www.easycalculation.com/index.php,407,0,0
1784795540293,394,Easy Calculation - Charts And Tables,200,OK,Easy_Calculation 1-17,text,true,,31053,147,20,20,https://www.easycalculation.com/charts-and-tables.php,390,0,0
1784795540363,344,Easy Calculation - Currency,200,OK,Easy_Calculation 1-12,text,true,,19789,154,20,20,https://www.easycalculation.com/currency-converter/index.php,344,0,0
1784795539192,1516,Easy Calculation - Charts And Tables,200,OK,Easy_Calculation 1-18,text,true,,31053,147,20,20,https://www.easycalculation.com/charts-and-tables.php,1183,0,0
1784795540385,348,Easy Calculation - Calculators,200,OK,Easy_Calculation 1-14,text,true,,48202,135,20,20,https://www.easycalculation.com/index.php,339,0,0
1784795540412,343,Easy Calculation - Formulas,200,OK,Easy_Calculation 1-3,text,true,,23703,144,20,20,https://www.easycalculation.com/formulas/index.php,339,0,0
1784795540475,330,Easy Calculation - Formulas,200,OK,Easy_Calculation 1-20,text,true,,23703,144,20,20,https://www.easycalculation.com/formulas/index.php,327,0,0
1784795540474,353,Easy Calculation - Converters,200,OK,Easy_Calculation 1-1,text,true,,24254,151,20,20,https://www.easycalculation.com/unit-conversion/index.php,353,0,0
1784795539962,895,Easy Calculation - Calculators,200,OK,Easy_Calculation 1-8,text,true,,48202,135,20,20,https://www.easycalculation.com/index.php,867,0,0
1784795539960,906,Easy Calculation - Calculators,200,OK,Easy_Calculation 1-6,text,true,,48202,135,20,20,https://www.easycalculation.com/index.php,904,0,0
1784795540509,365,Easy Calculation - Currency,200,OK,Easy_Calculation 1-13,text,true,,19789,154,20,20,https://www.easycalculation.com/currency-converter/index.php,364,0,0
1784795540571,317,Easy Calculation - Currency,200,OK,Easy_Calculation 1-16,text,true,,19789,154,20,20,https://www.easycalculation.com/currency-converter/index.php,303,0,0
1784795540168,738,Easy Calculation - Formulas,200,OK,Easy_Calculation 1-5,text,true,,23703,144,20,20,https://www.easycalculation.com/formulas/index.php,724,0,0
1784795540610,310,Easy Calculation - Currency,200,OK,Easy_Calculation 1-15,text,true,,19789,154,20,20,https://www.easycalculation.com/currency-converter/index.php,310,0,0
1784795540608,343,Easy Calculation - Calculators,200,OK,Easy_Calculation 1-4,text,true,,48202,135,20,20,https://www.easycalculation.com/index.php,318,0,0
1784795540607,344,Easy Calculation - Charts And Tables,200,OK,Easy_Calculation 1-7,text,true,,31053,147,20,20,https://www.easycalculation.com/charts-and-tables.php,342,0,0
1784795540624,330,Easy Calculation - Charts And Tables,200,OK,Easy_Calculation 1-19,text,true,,31053,147,20,20,https://www.easycalculation.com/charts-and-tables.php,329,0,0
1784795540631,345,Easy Calculation - Calculators,200,OK,Easy_Calculation 1-11,text,true,,48202,135,20,20,https://www.easycalculation.com/index.php,334,0,0
1784795540649,332,Easy Calculation - Formulas,200,OK,Easy_Calculation 1-9,text,true,,23703,144,20,20,https://www.easycalculation.com/formulas/index.php,329,0,0
1784795540671,353,Easy Calculation - Converters,200,OK,Easy_Calculation 1-2,text,true,,24254,151,20,20,https://www.easycalculation.com/unit-conversion/index.php,353,0,0
1784795540707,344,Easy Calculation - Charts And Tables,200,OK,Easy_Calculation 1-12,text,true,,31053,147,20,20,https://www.easycalculation.com/charts-and-tables.php,325,0,0
1784795540687,416,Easy Calculation - Calculators,200,OK,Easy_Calculation 1-17,text,true,,48202,135,20,20,https://www.easycalculation.com/index.php,403,0,0
1784795540733,377,Easy Calculation - Converters,200,OK,Easy_Calculation 1-14,text,true,,24254,151,20,20,https://www.easycalculation.com/unit-conversion/index.php,375,0,0
1784795540755,364,Easy Calculation - Currency,200,OK,Easy_Calculation 1-3,text,true,,19789,154,20,20,https://www.easycalculation.com/currency-converter/index.php,364,0,0
1784795540806,319,Easy Calculation - Currency,200,OK,Easy_Calculation 1-20,text,true,,19789,154,20,20,https://www.easycalculation.com/currency-converter/index.php,316,0,0
1784795540827,348,Easy Calculation - Formulas,200,OK,Easy_Calculation 1-1,text,true,,23703,144,20,20,https://www.easycalculation.com/formulas/index.php,330,0,0
1784795540858,329,Easy Calculation - Converters,200,OK,Easy_Calculation 1-8,text,true,,24254,151,20,20,https://www.easycalculation.com/unit-conversion/index.php,329,0,0
1784795540866,324,Easy Calculation - Converters,200,OK,Easy_Calculation 1-6,text,true,,24254,151,20,20,https://www.easycalculation.com/unit-conversion/index.php,321,0,0
1784795540874,326,Easy Calculation - Charts And Tables,200,OK,Easy_Calculation 1-13,text,true,,31053,147,20,20,https://www.easycalculation.com/charts-and-tables.php,321,0,0
1784795540907,313,Easy Calculation - Currency,200,OK,Easy_Calculation 1-5,text,true,,19789,154,20,20,https://www.easycalculation.com/currency-converter/index.php,299,0,0
1784795540920,304,Easy Calculation - Charts And Tables,200,OK,Easy_Calculation 1-15,text,true,,31053,147,20,20,https://www.easycalculation.com/charts-and-tables.php,301,0,0
1784795540955,331,Easy Calculation - Calculators,200,OK,Easy_Calculation 1-19,text,true,,48202,135,20,20,https://www.easycalculation.com/index.php,300,0,0
1784795540951,340,Easy Calculation - Converters,200,OK,Easy_Calculation 1-4,text,true,,24254,151,20,20,https://www.easycalculation.com/unit-conversion/index.php,336,0,0
1784795540952,390,Easy Calculation - Calculators,200,OK,Easy_Calculation 1-7,text,true,,48202,135,20,20,https://www.easycalculation.com/index.php,359,0,0
1784795540976,375,Easy Calculation - Converters,200,OK,Easy_Calculation 1-11,text,true,,24254,151,20,20,https://www.easycalculation.com/unit-conversion/index.php,367,0,0
1784795540390,963,Easy Calculation - Formulas,200,OK,Easy_Calculation 1-10,text,true,,23703,144,20,20,https://www.easycalculation.com/formulas/index.php,962,0,0
1784795540981,373,Easy Calculation - Currency,200,OK,Easy_Calculation 1-9,text,true,,19789,154,20,20,https://www.easycalculation.com/currency-converter/index.php,373,0,0
1784795541051,332,Easy Calculation - Calculators,200,OK,Easy_Calculation 1-12,text,true,,48202,135,20,20,https://www.easycalculation.com/index.php,308,0,0
1784795541024,362,Easy Calculation - Formulas,200,OK,Easy_Calculation 1-2,text,true,,23703,144,20,20,https://www.easycalculation.com/formulas/index.php,362,0,0
1784795540708,678,Easy Calculation - Calculators,200,OK,Easy_Calculation 1-18,text,true,,48202,135,20,20,https://www.easycalculation.com/index.php,348,0,0
1784795541119,300,Easy Calculation - Charts And Tables,200,OK,Easy_Calculation 1-3,text,true,,31053,147,20,20,https://www.easycalculation.com/charts-and-tables.php,298,0,0
1784795541125,310,Easy Calculation - Charts And Tables,200,OK,Easy_Calculation 1-20,text,true,,31053,147,20,20,https://www.easycalculation.com/charts-and-tables.php,304,0,0
1784795541103,337,Easy Calculation - Converters,200,OK,Easy_Calculation 1-17,text,true,,24254,151,20,20,https://www.easycalculation.com/unit-conversion/index.php,335,0,0
1784795541110,336,Easy Calculation - Formulas,200,OK,Easy_Calculation 1-14,text,true,,23703,144,20,20,https://www.easycalculation.com/formulas/index.php,336,0,0
1784795541175,336,Easy Calculation - Currency,200,OK,Easy_Calculation 1-1,text,true,,19789,154,20,20,https://www.easycalculation.com/currency-converter/index.php,336,0,0
1784795541187,326,Easy Calculation - Formulas,200,OK,Easy_Calculation 1-8,text,true,,23703,144,20,20,https://www.easycalculation.com/formulas/index.php,326,0,0
1784795541190,346,Easy Calculation - Formulas,200,OK,Easy_Calculation 1-6,text,true,,23703,144,20,20,https://www.easycalculation.com/formulas/index.php,334,0,0
1784795541200,348,Easy Calculation - Calculators,200,OK,Easy_Calculation 1-13,text,true,,48202,135,20,20,https://www.easycalculation.com/index.php,347,0,0
1784795540889,679,Easy Calculation - Charts And Tables,200,OK,Easy_Calculation 1-16,text,true,,31053,147,20,20,https://www.easycalculation.com/charts-and-tables.php,331,0,0
1784795541220,350,Easy Calculation - Charts And Tables,200,OK,Easy_Calculation 1-5,text,true,,31053,147,20,20,https://www.easycalculation.com/charts-and-tables.php,346,0,0
1784795541225,366,Easy Calculation - Calculators,200,OK,Easy_Calculation 1-15,text,true,,48202,135,20,20,https://www.easycalculation.com/index.php,345,0,0
1784795541286,321,Easy Calculation - Converters,200,OK,Easy_Calculation 1-19,text,true,,24254,151,20,20,https://www.easycalculation.com/unit-conversion/index.php,321,0,0
1784795541291,326,Easy Calculation - Formulas,200,OK,Easy_Calculation 1-4,text,true,,23703,144,20,20,https://www.easycalculation.com/formulas/index.php,325,0,0
1784795541351,315,Easy Calculation - Formulas,200,OK,Easy_Calculation 1-11,text,true,,23703,144,20,20,https://www.easycalculation.com/formulas/index.php,312,0,0
1784795541342,395,Easy Calculation - Converters,200,OK,Easy_Calculation 1-7,text,true,,24254,151,20,20,https://www.easycalculation.com/unit-conversion/index.php,331,0,0
1784795541353,430,Easy Calculation - Currency,200,OK,Easy_Calculation 1-10,text,true,,19789,154,20,20,https://www.easycalculation.com/currency-converter/index.php,430,0,0
1784795541354,430,Easy Calculation - Charts And Tables,200,OK,Easy_Calculation 1-9,text,true,,31053,147,20,20,https://www.easycalculation.com/charts-and-tables.php,429,0,0
1784795541383,401,Easy Calculation - Converters,200,OK,Easy_Calculation 1-12,text,true,,24254,151,20,20,https://www.easycalculation.com/unit-conversion/index.php,401,0,0
1784795541435,349,Easy Calculation - Calculators,200,OK,Easy_Calculation 1-20,text,true,,48202,135,20,20,https://www.easycalculation.com/index.php,349,0,0
1784795541386,398,Easy Calculation - Currency,200,OK,Easy_Calculation 1-2,text,true,,19789,154,20,20,https://www.easycalculation.com/currency-converter/index.php,398,0,0
1784795541420,364,Easy Calculation - Calculators,200,OK,Easy_Calculation 1-3,text,true,,48202,135,20,20,https://www.easycalculation.com/index.php,364,0,0
1784795541386,398,Easy Calculation - Converters,200,OK,Easy_Calculation 1-18,text,true,,24254,151,20,20,https://www.easycalculation.com/unit-conversion/index.php,398,0,0
1784795541446,340,Easy Calculation - Currency,200,OK,Easy_Calculation 1-14,text,true,,19789,154,20,20,https://www.easycalculation.com/currency-converter/index.php,339,0,0
1784795541441,360,Easy Calculation - Formulas,200,OK,Easy_Calculation 1-17,text,true,,23703,144,20,20,https://www.easycalculation.com/formulas/index.php,350,0,0
1784795541513,335,Easy Calculation - Currency,200,OK,Easy_Calculation 1-8,text,true,,19789,154,20,20,https://www.easycalculation.com/currency-converter/index.php,335,0,0
1784795541511,338,Easy Calculation - Charts And Tables,200,OK,Easy_Calculation 1-1,text,true,,31053,147,20,20,https://www.easycalculation.com/charts-and-tables.php,338,0,0
1784795541537,327,Easy Calculation - Currency,200,OK,Easy_Calculation 1-6,text,true,,19789,154,20,20,https://www.easycalculation.com/currency-converter/index.php,327,0,0
1784795541548,348,Easy Calculation - Converters,200,OK,Easy_Calculation 1-13,text,true,,24254,151,20,20,https://www.easycalculation.com/unit-conversion/index.php,348,0,0
1784795541570,327,Easy Calculation - Calculators,200,OK,Easy_Calculation 1-5,text,true,,48202,135,20,20,https://www.easycalculation.com/index.php,311,0,0
1784795541592,320,Easy Calculation - Converters,200,OK,Easy_Calculation 1-15,text,true,,24254,151,20,20,https://www.easycalculation.com/unit-conversion/index.php,320,0,0
1784795541607,320,Easy Calculation - Formulas,200,OK,Easy_Calculation 1-19,text,true,,23703,144,20,20,https://www.easycalculation.com/formulas/index.php,315,0,0
1784795541617,319,Easy Calculation - Currency,200,OK,Easy_Calculation 1-4,text,true,,19789,154,20,20,https://www.easycalculation.com/currency-converter/index.php,315,0,0
1784795541666,320,Easy Calculation - Currency,200,OK,Easy_Calculation 1-11,text,true,,19789,154,20,20,https://www.easycalculation.com/currency-converter/index.php,319,0,0
1784795541737,342,Easy Calculation - Formulas,200,OK,Easy_Calculation 1-7,text,true,,23703,144,20,20,https://www.easycalculation.com/formulas/index.php,341,0,0
1784795541784,311,Easy Calculation - Converters,200,OK,Easy_Calculation 1-20,text,true,,24254,151,20,20,https://www.easycalculation.com/unit-conversion/index.php,310,0,0
1784795541784,313,Easy Calculation - Converters,200,OK,Easy_Calculation 1-3,text,true,,24254,151,20,20,https://www.easycalculation.com/unit-conversion/index.php,310,0,0
1784795541784,329,Easy Calculation - Formulas,200,OK,Easy_Calculation 1-18,text,true,,23703,144,20,20,https://www.easycalculation.com/formulas/index.php,329,0,0
1784795541784,367,Easy Calculation - Charts And Tables,200,OK,Easy_Calculation 1-10,text,true,,31053,147,20,20,https://www.easycalculation.com/charts-and-tables.php,343,0,0
1784795541784,368,Easy Calculation - Calculators,200,OK,Easy_Calculation 1-9,text,true,,48202,135,20,20,https://www.easycalculation.com/index.php,368,0,0
1784795541784,377,Easy Calculation - Charts And Tables,200,OK,Easy_Calculation 1-2,text,true,,31053,147,20,20,https://www.easycalculation.com/charts-and-tables.php,375,0,0
1784795541786,386,Easy Calculation - Charts And Tables,200,OK,Easy_Calculation 1-14,text,true,,31053,147,20,20,https://www.easycalculation.com/charts-and-tables.php,379,0,0
1784795541849,331,Easy Calculation - Charts And Tables,200,OK,Easy_Calculation 1-8,text,true,,31053,147,20,20,https://www.easycalculation.com/charts-and-tables.php,326,0,0
1784795541849,350,Easy Calculation - Calculators,200,OK,Easy_Calculation 1-1,text,true,,48202,135,20,20,https://www.easycalculation.com/index.php,333,0,0
1784795541864,337,Easy Calculation - Charts And Tables,200,OK,Easy_Calculation 1-6,text,true,,31053,147,20,20,https://www.easycalculation.com/charts-and-tables.php,337,0,0
1784795541568,643,Easy Calculation - Calculators,200,OK,Easy_Calculation 1-16,text,true,,48202,135,20,20,https://www.easycalculation.com/index.php,328,0,0
1784795541897,315,Easy Calculation - Converters,200,OK,Easy_Calculation 1-5,text,true,,24254,151,20,20,https://www.easycalculation.com/unit-conversion/index.php,310,0,0
1784795541913,317,Easy Calculation - Formulas,200,OK,Easy_Calculation 1-15,text,true,,23703,144,20,20,https://www.easycalculation.com/formulas/index.php,303,0,0
1784795541896,354,Easy Calculation - Formulas,200,OK,Easy_Calculation 1-13,text,true,,23703,144,20,20,https://www.easycalculation.com/formulas/index.php,348,0,0
1784795541927,330,Easy Calculation - Currency,200,OK,Easy_Calculation 1-19,text,true,,19789,154,20,20,https://www.easycalculation.com/currency-converter/index.php,330,0,0
1784795541936,342,Easy Calculation - Charts And Tables,200,OK,Easy_Calculation 1-4,text,true,,31053,147,20,20,https://www.easycalculation.com/charts-and-tables.php,327,0,0
1784795541986,329,Easy Calculation - Charts And Tables,200,OK,Easy_Calculation 1-11,text,true,,31053,147,20,20,https://www.easycalculation.com/charts-and-tables.php,328,0,0
1784795542079,313,Easy Calculation - Currency,200,OK,Easy_Calculation 1-7,text,true,,19789,154,20,20,https://www.easycalculation.com/currency-converter/index.php,313,0,0
1784795542095,317,Easy Calculation - Formulas,200,OK,Easy_Calculation 1-20,text,true,,23703,144,20,20,https://www.easycalculation.com/formulas/index.php,315,0,0
1784795542097,325,Easy Calculation - Formulas,200,OK,Easy_Calculation 1-3,text,true,,23703,144,20,20,https://www.easycalculation.com/formulas/index.php,319,0,0
1784795542113,319,Easy Calculation - Currency,200,OK,Easy_Calculation 1-18,text,true,,19789,154,20,20,https://www.easycalculation.com/currency-converter/index.php,317,0,0
1784795542152,322,Easy Calculation - Calculators,200,OK,Easy_Calculation 1-10,text,true,,48202,135,20,20,https://www.easycalculation.com/index.php,318,0,0
1784795542153,327,Easy Calculation - Converters,200,OK,Easy_Calculation 1-9,text,true,,24254,151,20,20,https://www.easycalculation.com/unit-conversion/index.php,321,0,0
1784795542180,320,Easy Calculation - Calculators,200,OK,Easy_Calculation 1-8,text,true,,48202,135,20,20,https://www.easycalculation.com/index.php,310,0,0
1784795542161,340,Easy Calculation - Calculators,200,OK,Easy_Calculation 1-2,text,true,,48202,135,20,20,https://www.easycalculation.com/index.php,340,0,0
1784795542172,350,Easy Calculation - Calculators,200,OK,Easy_Calculation 1-14,text,true,,48202,135,20,20,https://www.easycalculation.com/index.php,343,0,0
1784795542212,338,Easy Calculation - Formulas,200,OK,Easy_Calculation 1-5,text,true,,23703,144,20,20,https://www.easycalculation.com/formulas/index.php,336,0,0
1784795542212,346,Easy Calculation - Converters,200,OK,Easy_Calculation 1-16,text,true,,24254,151,20,20,https://www.easycalculation.com/unit-conversion/index.php,346,0,0
1784795542199,368,Easy Calculation - Converters,200,OK,Easy_Calculation 1-1,text,true,,24254,151,20,20,https://www.easycalculation.com/unit-conversion/index.php,368,0,0
1784795542201,370,Easy Calculation - Calculators,200,OK,Easy_Calculation 1-6,text,true,,48202,135,20,20,https://www.easycalculation.com/index.php,360,0,0
1784795542231,340,Easy Calculation - Currency,200,OK,Easy_Calculation 1-15,text,true,,19789,154,20,20,https://www.easycalculation.com/currency-converter/index.php,340,0,0
1784795542258,313,Easy Calculation - Charts And Tables,200,OK,Easy_Calculation 1-19,text,true,,31053,147,20,20,https://www.easycalculation.com/charts-and-tables.php,313,0,0
1784795542250,324,Easy Calculation - Currency,200,OK,Easy_Calculation 1-13,text,true,,19789,154,20,20,https://www.easycalculation.com/currency-converter/index.php,324,0,0
1784795541784,809,Easy Calculation - Formulas,200,OK,Easy_Calculation 1-12,text,true,,23703,144,20,20,https://www.easycalculation.com/formulas/index.php,809,0,0
1784795542279,326,Easy Calculation - Calculators,200,OK,Easy_Calculation 1-4,text,true,,48202,135,20,20,https://www.easycalculation.com/index.php,324,0,0
1784795542315,333,Easy Calculation - Calculators,200,OK,Easy_Calculation 1-11,text,true,,48202,135,20,20,https://www.easycalculation.com/index.php,329,0,0
1784795542392,311,Easy Calculation - Charts And Tables,200,OK,Easy_Calculation 1-7,text,true,,31053,147,20,20,https://www.easycalculation.com/charts-and-tables.php,308,0,0
1784795542412,295,Easy Calculation - Currency,200,OK,Easy_Calculation 1-20,text,true,,19789,154,20,20,https://www.easycalculation.com/currency-converter/index.php,293,0,0
1784795541801,911,Easy Calculation - Currency,200,OK,Easy_Calculation 1-17,text,true,,19789,154,20,20,https://www.easycalculation.com/currency-converter/index.php,909,0,0
1784795542422,291,Easy Calculation - Currency,200,OK,Easy_Calculation 1-3,text,true,,19789,154,20,20,https://www.easycalculation.com/currency-converter/index.php,291,0,0
1784795542432,312,Easy Calculation - Charts And Tables,200,OK,Easy_Calculation 1-18,text,true,,31053,147,20,20,https://www.easycalculation.com/charts-and-tables.php,308,0,0
1784795542500,309,Easy Calculation - Converters,200,OK,Easy_Calculation 1-8,text,true,,24254,151,20,20,https://www.easycalculation.com/unit-conversion/index.php,309,0,0
1784795542474,338,Easy Calculation - Converters,200,OK,Easy_Calculation 1-10,text,true,,24254,151,20,20,https://www.easycalculation.com/unit-conversion/index.php,336,0,0
1784795542480,341,Easy Calculation - Formulas,200,OK,Easy_Calculation 1-9,text,true,,23703,144,20,20,https://www.easycalculation.com/formulas/index.php,339,0,0
1784795542501,338,Easy Calculation - Converters,200,OK,Easy_Calculation 1-2,text,true,,24254,151,20,20,https://www.easycalculation.com/unit-conversion/index.php,338,0,0
1784795542522,337,Easy Calculation - Converters,200,OK,Easy_Calculation 1-14,text,true,,24254,151,20,20,https://www.easycalculation.com/unit-conversion/index.php,336,0,0
1784795542550,322,Easy Calculation - Currency,200,OK,Easy_Calculation 1-5,text,true,,19789,154,20,20,https://www.easycalculation.com/currency-converter/index.php,320,0,0
1784795542559,323,Easy Calculation - Formulas,200,OK,Easy_Calculation 1-16,text,true,,23703,144,20,20,https://www.easycalculation.com/formulas/index.php,323,0,0
1784795542571,324,Easy Calculation - Charts And Tables,200,OK,Easy_Calculation 1-15,text,true,,31053,147,20,20,https://www.easycalculation.com/charts-and-tables.php,321,0,0
1784795542571,345,Easy Calculation - Calculators,200,OK,Easy_Calculation 1-19,text,true,,48202,135,20,20,https://www.easycalculation.com/index.php,334,0,0
1784795542567,354,Easy Calculation - Formulas,200,OK,Easy_Calculation 1-1,text,true,,23703,144,20,20,https://www.easycalculation.com/formulas/index.php,351,0,0
1784795542571,361,Easy Calculation - Converters,200,OK,Easy_Calculation 1-6,text,true,,24254,151,20,20,https://www.easycalculation.com/unit-conversion/index.php,356,0,0
1784795542593,349,Easy Calculation - Currency,200,OK,Easy_Calculation 1-12,text,true,,19789,154,20,20,https://www.easycalculation.com/currency-converter/index.php,347,0,0
1784795542574,375,Easy Calculation - Charts And Tables,200,OK,Easy_Calculation 1-13,text,true,,31053,147,20,20,https://www.easycalculation.com/charts-and-tables.php,371,0,0
1784795542605,358,Easy Calculation - Converters,200,OK,Easy_Calculation 1-4,text,true,,24254,151,20,20,https://www.easycalculation.com/unit-conversion/index.php,348,0,0
1784795542648,327,Easy Calculation - Converters,200,OK,Easy_Calculation 1-11,text,true,,24254,151,20,20,https://www.easycalculation.com/unit-conversion/index.php,324,0,0
1784795542707,329,Easy Calculation - Charts And Tables,200,OK,Easy_Calculation 1-20,text,true,,31053,147,20,20,https://www.easycalculation.com/charts-and-tables.php,324,0,0
1784795542714,337,Easy Calculation - Charts And Tables,200,OK,Easy_Calculation 1-3,text,true,,31053,147,20,20,https://www.easycalculation.com/charts-and-tables.php,330,0,0
1784795542744,325,Easy Calculation - Calculators,200,OK,Easy_Calculation 1-18,text,true,,48202,135,20,20,https://www.easycalculation.com/index.php,315,0,0
1784795542712,377,Easy Calculation - Charts And Tables,200,OK,Easy_Calculation 1-17,text,true,,31053,147,20,20,https://www.easycalculation.com/charts-and-tables.php,361,0,0
1784795542809,311,Easy Calculation - Formulas,200,OK,Easy_Calculation 1-8,text,true,,23703,144,20,20,https://www.easycalculation.com/formulas/index.php,307,0,0
1784795542812,323,Easy Calculation - Formulas,200,OK,Easy_Calculation 1-10,text,true,,23703,144,20,20,https://www.easycalculation.com/formulas/index.php,322,0,0
1784795542821,323,Easy Calculation - Currency,200,OK,Easy_Calculation 1-9,text,true,,19789,154,20,20,https://www.easycalculation.com/currency-converter/index.php,322,0,0
1784795542839,339,Easy Calculation - Formulas,200,OK,Easy_Calculation 1-2,text,true,,23703,144,20,20,https://www.easycalculation.com/formulas/index.php,323,0,0
1784795542872,311,Easy Calculation - Charts And Tables,200,OK,Easy_Calculation 1-5,text,true,,31053,147,20,20,https://www.easycalculation.com/charts-and-tables.php,311,0,0
1784795542859,342,Easy Calculation - Formulas,200,OK,Easy_Calculation 1-14,text,true,,23703,144,20,20,https://www.easycalculation.com/formulas/index.php,340,0,0
1784795542882,349,Easy Calculation - Currency,200,OK,Easy_Calculation 1-16,text,true,,19789,154,20,20,https://www.easycalculation.com/currency-converter/index.php,349,0,0
1784795542916,317,Easy Calculation - Converters,200,OK,Easy_Calculation 1-19,text,true,,24254,151,20,20,https://www.easycalculation.com/unit-conversion/index.php,316,0,0
1784795542896,337,Easy Calculation - Calculators,200,OK,Easy_Calculation 1-15,text,true,,48202,135,20,20,https://www.easycalculation.com/index.php,318,0,0
1784795542942,322,Easy Calculation - Charts And Tables,200,OK,Easy_Calculation 1-12,text,true,,31053,147,20,20,https://www.easycalculation.com/charts-and-tables.php,304,0,0
1784795542921,346,Easy Calculation - Currency,200,OK,Easy_Calculation 1-1,text,true,,19789,154,20,20,https://www.easycalculation.com/currency-converter/index.php,346,0,0
1784795542933,338,Easy Calculation - Formulas,200,OK,Easy_Calculation 1-6,text,true,,23703,144,20,20,https://www.easycalculation.com/formulas/index.php,335,0,0
1784795542949,357,Easy Calculation - Calculators,200,OK,Easy_Calculation 1-13,text,true,,48202,135,20,20,https://www.easycalculation.com/index.php,322,0,0
1784795542975,334,Easy Calculation - Formulas,200,OK,Easy_Calculation 1-11,text,true,,23703,144,20,20,https://www.easycalculation.com/formulas/index.php,334,0,0
1784795542963,347,Easy Calculation - Formulas,200,OK,Easy_Calculation 1-4,text,true,,23703,144,20,20,https://www.easycalculation.com/formulas/index.php,343,0,0
1784795543069,389,Easy Calculation - Converters,200,OK,Easy_Calculation 1-18,text,true,,24254,151,20,20,https://www.easycalculation.com/unit-conversion/index.php,389,0,0
1784795543051,411,Easy Calculation - Calculators,200,OK,Easy_Calculation 1-3,text,true,,48202,135,20,20,https://www.easycalculation.com/index.php,411,0,0
1784795543090,377,Easy Calculation - Calculators,200,OK,Easy_Calculation 1-17,text,true,,48202,135,20,20,https://www.easycalculation.com/index.php,377,0,0
1784795543120,347,Easy Calculation - Currency,200,OK,Easy_Calculation 1-8,text,true,,19789,154,20,20,https://www.easycalculation.com/currency-converter/index.php,347,0,0
1784795543135,332,Easy Calculation - Currency,200,OK,Easy_Calculation 1-10,text,true,,19789,154,20,20,https://www.easycalculation.com/currency-converter/index.php,332,0,0
1784795543037,430,Easy Calculation - Calculators,200,OK,Easy_Calculation 1-20,text,true,,48202,135,20,20,https://www.easycalculation.com/index.php,404,0,0
1784795543144,355,Easy Calculation - Charts And Tables,200,OK,Easy_Calculation 1-9,text,true,,31053,147,20,20,https://www.easycalculation.com/charts-and-tables.php,349,0,0
1784795543184,336,Easy Calculation - Calculators,200,OK,Easy_Calculation 1-5,text,true,,48202,135,20,20,https://www.easycalculation.com/index.php,317,0,0
1784795543178,342,Easy Calculation - Currency,200,OK,Easy_Calculation 1-2,text,true,,19789,154,20,20,https://www.easycalculation.com/currency-converter/index.php,342,0,0
1784795543233,310,Easy Calculation - Converters,200,OK,Easy_Calculation 1-15,text,true,,24254,151,20,20,https://www.easycalculation.com/unit-conversion/index.php,310,0,0
1784795543201,344,Easy Calculation - Currency,200,OK,Easy_Calculation 1-14,text,true,,19789,154,20,20,https://www.easycalculation.com/currency-converter/index.php,344,0,0
1784795543233,315,Easy Calculation - Formulas,200,OK,Easy_Calculation 1-19,text,true,,23703,144,20,20,https://www.easycalculation.com/formulas/index.php,315,0,0
1784795543231,326,Easy Calculation - Charts And Tables,200,OK,Easy_Calculation 1-16,text,true,,31053,147,20,20,https://www.easycalculation.com/charts-and-tables.php,322,0,0
1784795542703,869,Easy Calculation - Calculators,200,OK,Easy_Calculation 1-7,text,true,,48202,135,20,20,https://www.easycalculation.com/index.php,858,0,0
1784795543309,345,Easy Calculation - Currency,200,OK,Easy_Calculation 1-11,text,true,,19789,154,20,20,https://www.easycalculation.com/currency-converter/index.php,345,0,0
1784795543267,388,Easy Calculation - Charts And Tables,200,OK,Easy_Calculation 1-1,text,true,,31053,147,20,20,https://www.easycalculation.com/charts-and-tables.php,388,0,0
1784795543271,390,Easy Calculation - Currency,200,OK,Easy_Calculation 1-6,text,true,,19789,154,20,20,https://www.easycalculation.com/currency-converter/index.php,390,0,0
1784795543264,397,Easy Calculation - Calculators,200,OK,Easy_Calculation 1-12,text,true,,48202,135,20,20,https://www.easycalculation.com/index.php,337,0,0
1784795543306,355,Easy Calculation - Converters,200,OK,Easy_Calculation 1-13,text,true,,24254,151,20,20,https://www.easycalculation.com/unit-conversion/index.php,355,0,0
1784795543310,351,Easy Calculation - Currency,200,OK,Easy_Calculation 1-4,text,true,,19789,154,20,20,https://www.easycalculation.com/currency-converter/index.php,351,0,0
1784795543459,330,Easy Calculation - Formulas,200,OK,Easy_Calculation 1-18,text,true,,23703,144,20,20,https://www.easycalculation.com/formulas/index.php,327,0,0
1784795543463,342,Easy Calculation - Converters,200,OK,Easy_Calculation 1-3,text,true,,24254,151,20,20,https://www.easycalculation.com/unit-conversion/index.php,342,0,0
1784795543467,351,Easy Calculation - Charts And Tables,200,OK,Easy_Calculation 1-8,text,true,,31053,147,20,20,https://www.easycalculation.com/charts-and-tables.php,343,0,0
1784795543467,356,Easy Calculation - Converters,200,OK,Easy_Calculation 1-20,text,true,,24254,151,20,20,https://www.easycalculation.com/unit-conversion/index.php,354,0,0
1784795543467,365,Easy Calculation - Charts And Tables,200,OK,Easy_Calculation 1-10,text,true,,31053,147,20,20,https://www.easycalculation.com/charts-and-tables.php,360,0,0
1784795543467,372,Easy Calculation - Converters,200,OK,Easy_Calculation 1-17,text,true,,24254,151,20,20,https://www.easycalculation.com/unit-conversion/index.php,370,0,0
1784795543520,325,Easy Calculation - Converters,200,OK,Easy_Calculation 1-5,text,true,,24254,151,20,20,https://www.easycalculation.com/unit-conversion/index.php,324,0,0
1784795543499,362,Easy Calculation - Calculators,200,OK,Easy_Calculation 1-9,text,true,,48202,135,20,20,https://www.easycalculation.com/index.php,351,0,0
1784795543543,320,Easy Calculation - Formulas,200,OK,Easy_Calculation 1-15,text,true,,23703,144,20,20,https://www.easycalculation.com/formulas/index.php,320,0,0
1784795543548,329,Easy Calculation - Currency,200,OK,Easy_Calculation 1-19,text,true,,19789,154,20,20,https://www.easycalculation.com/currency-converter/index.php,324,0,0
1784795543545,351,Easy Calculation - Charts And Tables,200,OK,Easy_Calculation 1-14,text,true,,31053,147,20,20,https://www.easycalculation.com/charts-and-tables.php,351,0,0
1784795543572,324,Easy Calculation - Converters,200,OK,Easy_Calculation 1-7,text,true,,24254,151,20,20,https://www.easycalculation.com/unit-conversion/index.php,324,0,0
1784795543655,330,Easy Calculation - Charts And Tables,200,OK,Easy_Calculation 1-11,text,true,,31053,147,20,20,https://www.easycalculation.com/charts-and-tables.php,328,0,0
1784795543661,327,Easy Calculation - Converters,200,OK,Easy_Calculation 1-12,text,true,,24254,151,20,20,https://www.easycalculation.com/unit-conversion/index.php,327,0,0
1784795543655,343,Easy Calculation - Calculators,200,OK,Easy_Calculation 1-1,text,true,,48202,135,20,20,https://www.easycalculation.com/index.php,338,0,0
1784795543661,345,Easy Calculation - Charts And Tables,200,OK,Easy_Calculation 1-6,text,true,,31053,147,20,20,https://www.easycalculation.com/charts-and-tables.php,339,0,0
1784795543661,359,Easy Calculation - Charts And Tables,200,OK,Easy_Calculation 1-4,text,true,,31053,147,20,20,https://www.easycalculation.com/charts-and-tables.php,356,0,0
1784795543661,366,Easy Calculation - Formulas,200,OK,Easy_Calculation 1-13,text,true,,23703,144,20,20,https://www.easycalculation.com/formulas/index.php,366,0,0
1784795543789,304,Easy Calculation - Currency,200,OK,Easy_Calculation 1-18,text,true,,19789,154,20,20,https://www.easycalculation.com/currency-converter/index.php,304,0,0
1784795543806,295,Easy Calculation - Formulas,200,OK,Easy_Calculation 1-3,text,true,,23703,144,20,20,https://www.easycalculation.com/formulas/index.php,291,0,0
1784795543818,322,Easy Calculation - Calculators,200,OK,Easy_Calculation 1-8,text,true,,48202,135,20,20,https://www.easycalculation.com/index.php,315,0,0
1784795543845,317,Easy Calculation - Formulas,200,OK,Easy_Calculation 1-5,text,true,,23703,144,20,20,https://www.easycalculation.com/formulas/index.php,317,0,0
1784795543832,348,Easy Calculation - Calculators,200,OK,Easy_Calculation 1-10,text,true,,48202,135,20,20,https://www.easycalculation.com/index.php,341,0,0
1784795543864,320,Easy Calculation - Currency,200,OK,Easy_Calculation 1-15,text,true,,19789,154,20,20,https://www.easycalculation.com/currency-converter/index.php,320,0,0
1784795543839,353,Easy Calculation - Formulas,200,OK,Easy_Calculation 1-17,text,true,,23703,144,20,20,https://www.easycalculation.com/formulas/index.php,353,0,0
1784795543861,342,Easy Calculation - Converters,200,OK,Easy_Calculation 1-9,text,true,,24254,151,20,20,https://www.easycalculation.com/unit-conversion/index.php,330,0,0
1784795543877,326,Easy Calculation - Charts And Tables,200,OK,Easy_Calculation 1-19,text,true,,31053,147,20,20,https://www.easycalculation.com/charts-and-tables.php,326,0,0
1784795543558,652,Easy Calculation - Calculators,200,OK,Easy_Calculation 1-16,text,true,,48202,135,20,20,https://www.easycalculation.com/index.php,333,0,0
1784795543896,331,Easy Calculation - Formulas,200,OK,Easy_Calculation 1-7,text,true,,23703,144,20,20,https://www.easycalculation.com/formulas/index.php,329,0,0
1784795543896,340,Easy Calculation - Calculators,200,OK,Easy_Calculation 1-14,text,true,,48202,135,20,20,https://www.easycalculation.com/index.php,339,0,0
1784795543988,330,Easy Calculation - Formulas,200,OK,Easy_Calculation 1-12,text,true,,23703,144,20,20,https://www.easycalculation.com/formulas/index.php,329,0,0
1784795544007,347,Easy Calculation - Calculators,200,OK,Easy_Calculation 1-6,text,true,,48202,135,20,20,https://www.easycalculation.com/index.php,339,0,0
1784795543998,368,Easy Calculation - Converters,200,OK,Easy_Calculation 1-1,text,true,,24254,151,20,20,https://www.easycalculation.com/unit-conversion/index.php,359,0,0
1784795544020,367,Easy Calculation - Calculators,200,OK,Easy_Calculation 1-4,text,true,,48202,135,20,20,https://www.easycalculation.com/index.php,349,0,0
1784795544027,367,Easy Calculation - Currency,200,OK,Easy_Calculation 1-13,text,true,,19789,154,20,20,https://www.easycalculation.com/currency-converter/index.php,366,0,0
1784795543521,874,Easy Calculation - Charts And Tables,200,OK,Easy_Calculation 1-2,text,true,,31053,147,20,20,https://www.easycalculation.com/charts-and-tables.php,873,0,0
1784795544093,313,Easy Calculation - Charts And Tables,200,OK,Easy_Calculation 1-18,text,true,,31053,147,20,20,https://www.easycalculation.com/charts-and-tables.php,313,0,0
1784795544140,312,Easy Calculation - Converters,200,OK,Easy_Calculation 1-8,text,true,,24254,151,20,20,https://www.easycalculation.com/unit-conversion/index.php,309,0,0
1784795544163,300,Easy Calculation - Currency,200,OK,Easy_Calculation 1-5,text,true,,19789,154,20,20,https://www.easycalculation.com/currency-converter/index.php,299,0,0
1784795544184,302,Easy Calculation - Charts And Tables,200,OK,Easy_Calculation 1-15,text,true,,31053,147,20,20,https://www.easycalculation.com/charts-and-tables.php,300,0,0
1784795544180,326,Easy Calculation - Converters,200,OK,Easy_Calculation 1-10,text,true,,24254,151,20,20,https://www.easycalculation.com/unit-conversion/index.php,325,0,0
1784795544203,353,Easy Calculation - Calculators,200,OK,Easy_Calculation 1-19,text,true,,48202,135,20,20,https://www.easycalculation.com/index.php,339,0,0
1784795544210,375,Easy Calculation - Converters,200,OK,Easy_Calculation 1-16,text,true,,24254,151,20,20,https://www.easycalculation.com/unit-conversion/index.php,375,0,0
1784795544203,382,Easy Calculation - Formulas,200,OK,Easy_Calculation 1-9,text,true,,23703,144,20,20,https://www.easycalculation.com/formulas/index.php,379,0,0
1784795544192,408,Easy Calculation - Currency,200,OK,Easy_Calculation 1-17,text,true,,19789,154,20,20,https://www.easycalculation.com/currency-converter/index.php,408,0,0
1784795544227,379,Easy Calculation - Currency,200,OK,Easy_Calculation 1-7,text,true,,19789,154,20,20,https://www.easycalculation.com/currency-converter/index.php,379,0,0
1784795544236,400,Easy Calculation - Converters,200,OK,Easy_Calculation 1-14,text,true,,24254,151,20,20,https://www.easycalculation.com/unit-conversion/index.php,385,0,0
1784795544318,318,Easy Calculation - Currency,200,OK,Easy_Calculation 1-12,text,true,,19789,154,20,20,https://www.easycalculation.com/currency-converter/index.php,318,0,0
1784795543823,813,Easy Calculation - Formulas,200,OK,Easy_Calculation 1-20,text,true,,23703,144,20,20,https://www.easycalculation.com/formulas/index.php,813,0,0
1784795544354,318,Easy Calculation - Converters,200,OK,Easy_Calculation 1-6,text,true,,24254,151,20,20,https://www.easycalculation.com/unit-conversion/index.php,315,0,0
1784795544366,332,Easy Calculation - Formulas,200,OK,Easy_Calculation 1-1,text,true,,23703,144,20,20,https://www.easycalculation.com/formulas/index.php,326,0,0
1784795544387,315,Easy Calculation - Converters,200,OK,Easy_Calculation 1-4,text,true,,24254,151,20,20,https://www.easycalculation.com/unit-conversion/index.php,313,0,0
1784795544406,306,Easy Calculation - Calculators,200,OK,Easy_Calculation 1-18,text,true,,48202,135,20,20,https://www.easycalculation.com/index.php,301,0,0
1784795544394,322,Easy Calculation - Charts And Tables,200,OK,Easy_Calculation 1-13,text,true,,31053,147,20,20,https://www.easycalculation.com/charts-and-tables.php,321,0,0
1784795544395,336,Easy Calculation - Calculators,200,OK,Easy_Calculation 1-2,text,true,,48202,135,20,20,https://www.easycalculation.com/index.php,331,0,0
1784795544453,312,Easy Calculation - Formulas,200,OK,Easy_Calculation 1-8,text,true,,23703,144,20,20,https://www.easycalculation.com/formulas/index.php,304,0,0
1784795544463,317,Easy Calculation - Charts And Tables,200,OK,Easy_Calculation 1-5,text,true,,31053,147,20,20,https://www.easycalculation.com/charts-and-tables.php,315,0,0
1784795544486,327,Easy Calculation - Calculators,200,OK,Easy_Calculation 1-15,text,true,,48202,135,20,20,https://www.easycalculation.com/index.php,322,0,0
1784795544506,317,Easy Calculation - Formulas,200,OK,Easy_Calculation 1-10,text,true,,23703,144,20,20,https://www.easycalculation.com/formulas/index.php,316,0,0
1784795544556,316,Easy Calculation - Converters,200,OK,Easy_Calculation 1-19,text,true,,24254,151,20,20,https://www.easycalculation.com/unit-conversion/index.php,316,0,0
1784795544101,860,Easy Calculation - Currency,200,OK,Easy_Calculation 1-3,text,true,,19789,154,20,20,https://www.easycalculation.com/currency-converter/index.php,859,0,0
1784795544585,376,Easy Calculation - Formulas,200,OK,Easy_Calculation 1-16,text,true,,23703,144,20,20,https://www.easycalculation.com/formulas/index.php,375,0,0
1784795544585,379,Easy Calculation - Currency,200,OK,Easy_Calculation 1-9,text,true,,19789,154,20,20,https://www.easycalculation.com/currency-converter/index.php,379,0,0
1784795544637,327,Easy Calculation - Charts And Tables,200,OK,Easy_Calculation 1-12,text,true,,31053,147,20,20,https://www.easycalculation.com/charts-and-tables.php,327,0,0
1784795544606,366,Easy Calculation - Charts And Tables,200,OK,Easy_Calculation 1-7,text,true,,31053,147,20,20,https://www.easycalculation.com/charts-and-tables.php,361,0,0
1784795544637,356,Easy Calculation - Currency,200,OK,Easy_Calculation 1-20,text,true,,19789,154,20,20,https://www.easycalculation.com/currency-converter/index.php,340,0,0
1784795544636,357,Easy Calculation - Formulas,200,OK,Easy_Calculation 1-14,text,true,,23703,144,20,20,https://www.easycalculation.com/formulas/index.php,357,0,0
1784795544600,393,Easy Calculation - Charts And Tables,200,OK,Easy_Calculation 1-17,text,true,,31053,147,20,20,https://www.easycalculation.com/charts-and-tables.php,393,0,0
1784795544672,326,Easy Calculation - Formulas,200,OK,Easy_Calculation 1-6,text,true,,23703,144,20,20,https://www.easycalculation.com/formulas/index.php,324,0,0
1784795544702,332,Easy Calculation - Formulas,200,OK,Easy_Calculation 1-4,text,true,,23703,144,20,20,https://www.easycalculation.com/formulas/index.php,332,0,0
1784795544699,339,Easy Calculation - Currency,200,OK,Easy_Calculation 1-1,text,true,,19789,154,20,20,https://www.easycalculation.com/currency-converter/index.php,339,0,0
1784795543986,1055,Easy Calculation - Calculators,200,OK,Easy_Calculation 1-11,text,true,,48202,135,20,20,https://www.easycalculation.com/index.php,769,0,0
1784795544712,330,Easy Calculation - Converters,200,OK,Easy_Calculation 1-18,text,true,,24254,151,20,20,https://www.easycalculation.com/unit-conversion/index.php,330,0,0
1784795544732,323,Easy Calculation - Converters,200,OK,Easy_Calculation 1-2,text,true,,24254,151,20,20,https://www.easycalculation.com/unit-conversion/index.php,319,0,0
1784795544765,302,Easy Calculation - Currency,200,OK,Easy_Calculation 1-8,text,true,,19789,154,20,20,https://www.easycalculation.com/currency-converter/index.php,302,0,0
1784795544780,307,Easy Calculation - Calculators,200,OK,Easy_Calculation 1-5,text,true,,48202,135,20,20,https://www.easycalculation.com/index.php,300,0,0
1784795544813,296,Easy Calculation - Converters,200,OK,Easy_Calculation 1-15,text,true,,24254,151,20,20,https://www.easycalculation.com/unit-conversion/index.php,295,0,0
1784795544823,316,Easy Calculation - Currency,200,OK,Easy_Calculation 1-10,text,true,,19789,154,20,20,https://www.easycalculation.com/currency-converter/index.php,313,0,0
1784795544872,311,Easy Calculation - Formulas,200,OK,Easy_Calculation 1-19,text,true,,23703,144,20,20,https://www.easycalculation.com/formulas/index.php,308,0,0
1784795544961,327,Easy Calculation - Charts And Tables,200,OK,Easy_Calculation 1-3,text,true,,31053,147,20,20,https://www.easycalculation.com/charts-and-tables.php,326,0,0
1784795544965,348,Easy Calculation - Calculators,200,OK,Easy_Calculation 1-12,text,true,,48202,135,20,20,https://www.easycalculation.com/index.php,333,0,0
1784795544961,365,Easy Calculation - Currency,200,OK,Easy_Calculation 1-16,text,true,,19789,154,20,20,https://www.easycalculation.com/currency-converter/index.php,364,0,0
1784795544993,342,Easy Calculation - Charts And Tables,200,OK,Easy_Calculation 1-20,text,true,,31053,147,20,20,https://www.easycalculation.com/charts-and-tables.php,342,0,0
1784795544965,386,Easy Calculation - Charts And Tables,200,OK,Easy_Calculation 1-9,text,true,,31053,147,20,20,https://www.easycalculation.com/charts-and-tables.php,382,0,0
1784795544972,394,Easy Calculation - Calculators,200,OK,Easy_Calculation 1-7,text,true,,48202,135,20,20,https://www.easycalculation.com/index.php,379,0,0
1784795544998,376,Easy Calculation - Currency,200,OK,Easy_Calculation 1-6,text,true,,19789,154,20,20,https://www.easycalculation.com/currency-converter/index.php,376,0,0
1784795544993,388,Easy Calculation - Currency,200,OK,Easy_Calculation 1-14,text,true,,19789,154,20,20,https://www.easycalculation.com/currency-converter/index.php,383,0,0
1784795544993,404,Easy Calculation - Calculators,200,OK,Easy_Calculation 1-17,text,true,,48202,135,20,20,https://www.easycalculation.com/index.php,388,0,0
1784795545035,373,Easy Calculation - Currency,200,OK,Easy_Calculation 1-4,text,true,,19789,154,20,20,https://www.easycalculation.com/currency-converter/index.php,368,0,0
1784795545038,378,Easy Calculation - Charts And Tables,200,OK,Easy_Calculation 1-1,text,true,,31053,147,20,20,https://www.easycalculation.com/charts-and-tables.php,371,0,0
1784795545042,383,Easy Calculation - Formulas,200,OK,Easy_Calculation 1-18,text,true,,23703,144,20,20,https://www.easycalculation.com/formulas/index.php,380,0,0
1784795545041,392,Easy Calculation - Converters,200,OK,Easy_Calculation 1-11,text,true,,24254,151,20,20,https://www.easycalculation.com/unit-conversion/index.php,388,0,0
1784795545067,374,Easy Calculation - Charts And Tables,200,OK,Easy_Calculation 1-8,text,true,,31053,147,20,20,https://www.easycalculation.com/charts-and-tables.php,370,0,0
1784795545087,363,Easy Calculation - Converters,200,OK,Easy_Calculation 1-5,text,true,,24254,151,20,20,https://www.easycalculation.com/unit-conversion/index.php,359,0,0
1784795545055,413,Easy Calculation - Formulas,200,OK,Easy_Calculation 1-2,text,true,,23703,144,20,20,https://www.easycalculation.com/formulas/index.php,401,0,0
1784795545109,370,Easy Calculation - Formulas,200,OK,Easy_Calculation 1-15,text,true,,23703,144,20,20,https://www.easycalculation.com/formulas/index.php,370,0,0
1784795545139,343,Easy Calculation - Charts And Tables,200,OK,Easy_Calculation 1-10,text,true,,31053,147,20,20,https://www.easycalculation.com/charts-and-tables.php,338,0,0
1784795545183,309,Easy Calculation - Currency,200,OK,Easy_Calculation 1-19,text,true,,19789,154,20,20,https://www.easycalculation.com/currency-converter/index.php,307,0,0
1784795544717,832,Easy Calculation - Calculators,200,OK,Easy_Calculation 1-13,text,true,,48202,135,20,20,https://www.easycalculation.com/index.php,820,0,0
1784795545289,326,Easy Calculation - Calculators,200,OK,Easy_Calculation 1-3,text,true,,48202,135,20,20,https://www.easycalculation.com/index.php,310,0,0
1784795545313,314,Easy Calculation - Converters,200,OK,Easy_Calculation 1-12,text,true,,24254,151,20,20,https://www.easycalculation.com/unit-conversion/index.php,309,0,0
1784795545326,306,Easy Calculation - Charts And Tables,200,OK,Easy_Calculation 1-16,text,true,,31053,147,20,20,https://www.easycalculation.com/charts-and-tables.php,305,0,0
1784795545335,325,Easy Calculation - Calculators,200,OK,Easy_Calculation 1-20,text,true,,48202,135,20,20,https://www.easycalculation.com/index.php,308,0,0
1784795545351,354,Easy Calculation - Calculators,200,OK,Easy_Calculation 1-9,text,true,,48202,135,20,20,https://www.easycalculation.com/index.php,316,0,0
1784795545374,359,Easy Calculation - Charts And Tables,200,OK,Easy_Calculation 1-6,text,true,,31053,147,20,20,https://www.easycalculation.com/charts-and-tables.php,345,0,0
1784795545367,369,Easy Calculation - Converters,200,OK,Easy_Calculation 1-7,text,true,,24254,151,20,20,https://www.easycalculation.com/unit-conversion/index.php,369,0,0
1784795545381,365,Easy Calculation - Charts And Tables,200,OK,Easy_Calculation 1-14,text,true,,31053,147,20,20,https://www.easycalculation.com/charts-and-tables.php,362,0,0
1784795545408,345,Easy Calculation - Charts And Tables,200,OK,Easy_Calculation 1-4,text,true,,31053,147,20,20,https://www.easycalculation.com/charts-and-tables.php,345,0,0
1784795545397,368,Easy Calculation - Converters,200,OK,Easy_Calculation 1-17,text,true,,24254,151,20,20,https://www.easycalculation.com/unit-conversion/index.php,361,0,0
1784795545425,345,Easy Calculation - Currency,200,OK,Easy_Calculation 1-18,text,true,,19789,154,20,20,https://www.easycalculation.com/currency-converter/index.php,345,0,0
1784795545416,364,Easy Calculation - Calculators,200,OK,Easy_Calculation 1-1,text,true,,48202,135,20,20,https://www.easycalculation.com/index.php,351,0,0
1784795545433,370,Easy Calculation - Formulas,200,OK,Easy_Calculation 1-11,text,true,,23703,144,20,20,https://www.easycalculation.com/formulas/index.php,350,0,0
1784795545442,396,Easy Calculation - Calculators,200,OK,Easy_Calculation 1-8,text,true,,48202,135,20,20,https://www.easycalculation.com/index.php,370,0,0
1784795545479,375,Easy Calculation - Currency,200,OK,Easy_Calculation 1-15,text,true,,19789,154,20,20,https://www.easycalculation.com/currency-converter/index.php,375,0,0
1784795545450,404,Easy Calculation - Formulas,200,OK,Easy_Calculation 1-5,text,true,,23703,144,20,20,https://www.easycalculation.com/formulas/index.php,404,0,0
1784795545492,401,Easy Calculation - Charts And Tables,200,OK,Easy_Calculation 1-19,text,true,,31053,147,20,20,https://www.easycalculation.com/charts-and-tables.php,401,0,0
1784795545468,467,Easy Calculation - Currency,200,OK,Easy_Calculation 1-2,text,true,,19789,154,20,20,https://www.easycalculation.com/currency-converter/index.php,467,0,0
1784795545483,485,Easy Calculation - Calculators,200,OK,Easy_Calculation 1-10,text,true,,48202,135,20,20,https://www.easycalculation.com/index.php,452,0,0
1784795545549,464,Easy Calculation - Converters,200,OK,Easy_Calculation 1-13,text,true,,24254,151,20,20,https://www.easycalculation.com/unit-conversion/index.php,443,0,0
1784795545615,461,Easy Calculation - Converters,200,OK,Easy_Calculation 1-3,text,true,,24254,151,20,20,https://www.easycalculation.com/unit-conversion/index.php,440,0,0
1784795545661,450,Easy Calculation - Converters,200,OK,Easy_Calculation 1-20,text,true,,24254,151,20,20,https://www.easycalculation.com/unit-conversion/index.php,428,0,0
1784795545733,459,Easy Calculation - Calculators,200,OK,Easy_Calculation 1-6,text,true,,48202,135,20,20,https://www.easycalculation.com/index.php,400,0,0
1784795545705,499,Easy Calculation - Converters,200,OK,Easy_Calculation 1-9,text,true,,24254,151,20,20,https://www.easycalculation.com/unit-conversion/index.php,496,0,0
1784795545736,512,Easy Calculation - Formulas,200,OK,Easy_Calculation 1-7,text,true,,23703,144,20,20,https://www.easycalculation.com/formulas/index.php,511,0,0
1784795545746,628,Easy Calculation - Calculators,200,OK,Easy_Calculation 1-14,text,true,,48202,135,20,20,https://www.easycalculation.com/index.php,587,0,0
1784795545780,612,Easy Calculation - Converters,200,OK,Easy_Calculation 1-1,text,true,,24254,151,20,20,https://www.easycalculation.com/unit-conversion/index.php,593,0,0
1784795545803,608,Easy Calculation - Currency,200,OK,Easy_Calculation 1-11,text,true,,19789,154,20,20,https://www.easycalculation.com/currency-converter/index.php,604,0,0
1784795545839,604,Easy Calculation - Converters,200,OK,Easy_Calculation 1-8,text,true,,24254,151,20,20,https://www.easycalculation.com/unit-conversion/index.php,599,0,0
1784795545854,621,Easy Calculation - Charts And Tables,200,OK,Easy_Calculation 1-15,text,true,,31053,147,20,20,https://www.easycalculation.com/charts-and-tables.php,620,0,0
1784795545854,624,Easy Calculation - Currency,200,OK,Easy_Calculation 1-5,text,true,,19789,154,20,20,https://www.easycalculation.com/currency-converter/index.php,623,0,0
1784795545894,623,Easy Calculation - Calculators,200,OK,Easy_Calculation 1-19,text,true,,48202,135,20,20,https://www.easycalculation.com/index.php,587,0,0
1784795545935,583,Easy Calculation - Charts And Tables,200,OK,Easy_Calculation 1-2,text,true,,31053,147,20,20,https://www.easycalculation.com/charts-and-tables.php,582,0,0
1784795545968,559,Easy Calculation - Converters,200,OK,Easy_Calculation 1-10,text,true,,24254,151,20,20,https://www.easycalculation.com/unit-conversion/index.php,555,0,0
1784795545627,931,Easy Calculation - Formulas,200,OK,Easy_Calculation 1-12,text,true,,23703,144,20,20,https://www.easycalculation.com/formulas/index.php,928,0,0
1784795546013,549,Easy Calculation - Formulas,200,OK,Easy_Calculation 1-13,text,true,,23703,144,20,20,https://www.easycalculation.com/formulas/index.php,549,0,0
1784795546076,499,Easy Calculation - Formulas,200,OK,Easy_Calculation 1-3,text,true,,23703,144,20,20,https://www.easycalculation.com/formulas/index.php,499,0,0
1784795546111,482,Easy Calculation - Formulas,200,OK,Easy_Calculation 1-20,text,true,,23703,144,20,20,https://www.easycalculation.com/formulas/index.php,482,0,0
1784795546192,420,Easy Calculation - Converters,200,OK,Easy_Calculation 1-6,text,true,,24254,151,20,20,https://www.easycalculation.com/unit-conversion/index.php,418,0,0
1784795545753,921,Easy Calculation - Calculators,200,OK,Easy_Calculation 1-4,text,true,,48202,135,20,20,https://www.easycalculation.com/index.php,879,0,0
1784795546204,478,Easy Calculation - Formulas,200,OK,Easy_Calculation 1-9,text,true,,23703,144,20,20,https://www.easycalculation.com/formulas/index.php,478,0,0
1784795546248,437,Easy Calculation - Currency,200,OK,Easy_Calculation 1-7,text,true,,19789,154,20,20,https://www.easycalculation.com/currency-converter/index.php,437,0,0
1784795545765,947,Easy Calculation - Formulas,200,OK,Easy_Calculation 1-17,text,true,,23703,144,20,20,https://www.easycalculation.com/formulas/index.php,945,0,0
1784795545771,941,Easy Calculation - Charts And Tables,200,OK,Easy_Calculation 1-18,text,true,,31053,147,20,20,https://www.easycalculation.com/charts-and-tables.php,514,0,0
1784795546392,331,Easy Calculation - Formulas,200,OK,Easy_Calculation 1-1,text,true,,23703,144,20,20,https://www.easycalculation.com/formulas/index.php,329,0,0
1784795546374,380,Easy Calculation - Converters,200,OK,Easy_Calculation 1-14,text,true,,24254,151,20,20,https://www.easycalculation.com/unit-conversion/index.php,380,0,0
1784795546411,382,Easy Calculation - Charts And Tables,200,OK,Easy_Calculation 1-11,text,true,,31053,147,20,20,https://www.easycalculation.com/charts-and-tables.php,363,0,0
1784795546443,358,Easy Calculation - Formulas,200,OK,Easy_Calculation 1-8,text,true,,23703,144,20,20,https://www.easycalculation.com/formulas/index.php,355,0,0
1784795546475,565,Easy Calculation - Calculators,200,OK,Easy_Calculation 1-15,text,true,,48202,135,20,20,https://www.easycalculation.com/index.php,361,0,0
1784795546479,568,Easy Calculation - Charts And Tables,200,OK,Easy_Calculation 1-5,text,true,,31053,147,20,20,https://www.easycalculation.com/charts-and-tables.php,566,0,0
1784795546517,531,Easy Calculation - Converters,200,OK,Easy_Calculation 1-19,text,true,,24254,151,20,20,https://www.easycalculation.com/unit-conversion/index.php,531,0,0
1784795546558,502,Easy Calculation - Currency,200,OK,Easy_Calculation 1-12,text,true,,19789,154,20,20,https://www.easycalculation.com/currency-converter/index.php,501,0,0
1784795546527,538,Easy Calculation - Formulas,200,OK,Easy_Calculation 1-10,text,true,,23703,144,20,20,https://www.easycalculation.com/formulas/index.php,536,0,0
1784795546576,537,Easy Calculation - Currency,200,OK,Easy_Calculation 1-3,text,true,,19789,154,20,20,https://www.easycalculation.com/currency-converter/index.php,537,0,0
1784795546518,596,Easy Calculation - Calculators,200,OK,Easy_Calculation 1-2,text,true,,48202,135,20,20,https://www.easycalculation.com/index.php,555,0,0
1784795546593,528,Easy Calculation - Currency,200,OK,Easy_Calculation 1-20,text,true,,19789,154,20,20,https://www.easycalculation.com/currency-converter/index.php,528,0,0
1784795545632,1515,Easy Calculation - Calculators,200,OK,Easy_Calculation 1-16,text,true,,48202,135,20,20,https://www.easycalculation.com/index.php,964,0,0
1784795546612,536,Easy Calculation - Formulas,200,OK,Easy_Calculation 1-6,text,true,,23703,144,20,20,https://www.easycalculation.com/formulas/index.php,536,0,0
1784795546675,504,Easy Calculation - Converters,200,OK,Easy_Calculation 1-4,text,true,,24254,151,20,20,https://www.easycalculation.com/unit-conversion/index.php,504,0,0
1784795546682,497,Easy Calculation - Currency,200,OK,Easy_Calculation 1-9,text,true,,19789,154,20,20,https://www.easycalculation.com/currency-converter/index.php,497,0,0
1784795546685,498,Easy Calculation - Charts And Tables,200,OK,Easy_Calculation 1-7,text,true,,31053,147,20,20,https://www.easycalculation.com/charts-and-tables.php,498,0,0
1784795546712,480,Easy Calculation - Calculators,200,OK,Easy_Calculation 1-18,text,true,,48202,135,20,20,https://www.easycalculation.com/index.php,475,0,0
1784795546712,487,Easy Calculation - Currency,200,OK,Easy_Calculation 1-17,text,true,,19789,154,20,20,https://www.easycalculation.com/currency-converter/index.php,487,0,0
1784795546723,481,Easy Calculation - Currency,200,OK,Easy_Calculation 1-1,text,true,,19789,154,20,20,https://www.easycalculation.com/currency-converter/index.php,479,0,0
1784795546754,456,Easy Calculation - Formulas,200,OK,Easy_Calculation 1-14,text,true,,23703,144,20,20,https://www.easycalculation.com/formulas/index.php,453,0,0
1784795546801,543,Easy Calculation - Currency,200,OK,Easy_Calculation 1-8,text,true,,19789,154,20,20,https://www.easycalculation.com/currency-converter/index.php,540,0,0
1784795546793,573,Easy Calculation - Calculators,200,OK,Easy_Calculation 1-11,text,true,,48202,135,20,20,https://www.easycalculation.com/index.php,553,0,0
1784795547040,342,Easy Calculation - Converters,200,OK,Easy_Calculation 1-15,text,true,,24254,151,20,20,https://www.easycalculation.com/unit-conversion/index.php,332,0,0
1784795547048,345,Easy Calculation - Calculators,200,OK,Easy_Calculation 1-5,text,true,,48202,135,20,20,https://www.easycalculation.com/index.php,338,0,0
1784795547048,350,Easy Calculation - Formulas,200,OK,Easy_Calculation 1-19,text,true,,23703,144,20,20,https://www.easycalculation.com/formulas/index.php,350,0,0
1784795547060,345,Easy Calculation - Charts And Tables,200,OK,Easy_Calculation 1-12,text,true,,31053,147,20,20,https://www.easycalculation.com/charts-and-tables.php,342,0,0
1784795547065,347,Easy Calculation - Currency,200,OK,Easy_Calculation 1-10,text,true,,19789,154,20,20,https://www.easycalculation.com/currency-converter/index.php,345,0,0
1784795547113,313,Easy Calculation - Charts And Tables,200,OK,Easy_Calculation 1-3,text,true,,31053,147,20,20,https://www.easycalculation.com/charts-and-tables.php,307,0,0
1784795547121,319,Easy Calculation - Charts And Tables,200,OK,Easy_Calculation 1-20,text,true,,31053,147,20,20,https://www.easycalculation.com/charts-and-tables.php,306,0,0
1784795546562,879,Easy Calculation - Currency,200,OK,Easy_Calculation 1-13,text,true,,19789,154,20,20,https://www.easycalculation.com/currency-converter/index.php,879,0,0
1784795547114,337,Easy Calculation - Converters,200,OK,Easy_Calculation 1-2,text,true,,24254,151,20,20,https://www.easycalculation.com/unit-conversion/index.php,333,0,0
1784795547147,316,Easy Calculation - Converters,200,OK,Easy_Calculation 1-16,text,true,,24254,151,20,20,https://www.easycalculation.com/unit-conversion/index.php,316,0,0
1784795547149,316,Easy Calculation - Currency,200,OK,Easy_Calculation 1-6,text,true,,19789,154,20,20,https://www.easycalculation.com/currency-converter/index.php,316,0,0
1784795547192,315,Easy Calculation - Converters,200,OK,Easy_Calculation 1-18,text,true,,24254,151,20,20,https://www.easycalculation.com/unit-conversion/index.php,315,0,0
1784795547179,333,Easy Calculation - Charts And Tables,200,OK,Easy_Calculation 1-9,text,true,,31053,147,20,20,https://www.easycalculation.com/charts-and-tables.php,330,0,0
1784795547184,340,Easy Calculation - Calculators,200,OK,Easy_Calculation 1-7,text,true,,48202,135,20,20,https://www.easycalculation.com/index.php,333,0,0
1784795547205,327,Easy Calculation - Charts And Tables,200,OK,Easy_Calculation 1-1,text,true,,31053,147,20,20,https://www.easycalculation.com/charts-and-tables.php,326,0,0
1784795547199,341,Easy Calculation - Charts And Tables,200,OK,Easy_Calculation 1-17,text,true,,31053,147,20,20,https://www.easycalculation.com/charts-and-tables.php,337,0,0
1784795547210,346,Easy Calculation - Currency,200,OK,Easy_Calculation 1-14,text,true,,19789,154,20,20,https://www.easycalculation.com/currency-converter/index.php,346,0,0
1784795547344,341,Easy Calculation - Charts And Tables,200,OK,Easy_Calculation 1-8,text,true,,31053,147,20,20,https://www.easycalculation.com/charts-and-tables.php,335,0,0
1784795547366,344,Easy Calculation - Converters,200,OK,Easy_Calculation 1-11,text,true,,24254,151,20,20,https://www.easycalculation.com/unit-conversion/index.php,331,0,0
1784795547382,352,Easy Calculation - Formulas,200,OK,Easy_Calculation 1-15,text,true,,23703,144,20,20,https://www.easycalculation.com/formulas/index.php,351,0,0
1784795547393,358,Easy Calculation - Converters,200,OK,Easy_Calculation 1-5,text,true,,24254,151,20,20,https://www.easycalculation.com/unit-conversion/index.php,341,0,0
1784795547398,365,Easy Calculation - Currency,200,OK,Easy_Calculation 1-19,text,true,,19789,154,20,20,https://www.easycalculation.com/currency-converter/index.php,364,0,0
1784795547406,373,Easy Calculation - Calculators,200,OK,Easy_Calculation 1-12,text,true,,48202,135,20,20,https://www.easycalculation.com/index.php,355,0,0
1784795547426,376,Easy Calculation - Calculators,200,OK,Easy_Calculation 1-3,text,true,,48202,135,20,20,https://www.easycalculation.com/index.php,361,0,0
1784795547412,398,Easy Calculation - Charts And Tables,200,OK,Easy_Calculation 1-10,text,true,,31053,147,20,20,https://www.easycalculation.com/charts-and-tables.php,398,0,0
1784795547440,397,Easy Calculation - Calculators,200,OK,Easy_Calculation 1-20,text,true,,48202,135,20,20,https://www.easycalculation.com/index.php,378,0,0
1784795547463,380,Easy Calculation - Formulas,200,OK,Easy_Calculation 1-16,text,true,,23703,144,20,20,https://www.easycalculation.com/formulas/index.php,380,0,0
1784795547441,421,Easy Calculation - Charts And Tables,200,OK,Easy_Calculation 1-13,text,true,,31053,147,20,20,https://www.easycalculation.com/charts-and-tables.php,420,0,0
1784795547451,431,Easy Calculation - Formulas,200,OK,Easy_Calculation 1-2,text,true,,23703,144,20,20,https://www.easycalculation.com/formulas/index.php,424,0,0
1784795547465,423,Easy Calculation - Charts And Tables,200,OK,Easy_Calculation 1-6,text,true,,31053,147,20,20,https://www.easycalculation.com/charts-and-tables.php,420,0,0
1784795547507,398,Easy Calculation - Formulas,200,OK,Easy_Calculation 1-18,text,true,,23703,144,20,20,https://www.easycalculation.com/formulas/index.php,397,0,0
1784795547513,405,Easy Calculation - Calculators,200,OK,Easy_Calculation 1-9,text,true,,48202,135,20,20,https://www.easycalculation.com/index.php,398,0,0
1784795547524,398,Easy Calculation - Converters,200,OK,Easy_Calculation 1-7,text,true,,24254,151,20,20,https://www.easycalculation.com/unit-conversion/index.php,398,0,0
1784795547532,397,Easy Calculation - Calculators,200,OK,Easy_Calculation 1-1,text,true,,48202,135,20,20,https://www.easycalculation.com/index.php,393,0,0
1784795547540,421,Easy Calculation - Calculators,200,OK,Easy_Calculation 1-17,text,true,,48202,135,20,20,https://www.easycalculation.com/index.php,395,0,0
1784795547556,408,Easy Calculation - Charts And Tables,200,OK,Easy_Calculation 1-14,text,true,,31053,147,20,20,https://www.easycalculation.com/charts-and-tables.php,408,0,0
1784795547179,788,Easy Calculation - Formulas,200,OK,Easy_Calculation 1-4,text,true,,23703,144,20,20,https://www.easycalculation.com/formulas/index.php,787,0,0
1784795547686,316,Easy Calculation - Calculators,200,OK,Easy_Calculation 1-8,text,true,,48202,135,20,20,https://www.easycalculation.com/index.php,310,0,0
1784795547710,307,Easy Calculation - Formulas,200,OK,Easy_Calculation 1-11,text,true,,23703,144,20,20,https://www.easycalculation.com/formulas/index.php,307,0,0
1784795547734,288,Easy Calculation - Currency,200,OK,Easy_Calculation 1-15,text,true,,19789,154,20,20,https://www.easycalculation.com/currency-converter/index.php,288,0,0
1784795547751,314,Easy Calculation - Formulas,200,OK,Easy_Calculation 1-5,text,true,,23703,144,20,20,https://www.easycalculation.com/formulas/index.php,311,0,0
1784795547763,324,Easy Calculation - Charts And Tables,200,OK,Easy_Calculation 1-19,text,true,,31053,147,20,20,https://www.easycalculation.com/charts-and-tables.php,307,0,0
1784795547780,308,Easy Calculation - Converters,200,OK,Easy_Calculation 1-12,text,true,,24254,151,20,20,https://www.easycalculation.com/unit-conversion/index.php,308,0,0
1784795547802,300,Easy Calculation - Converters,200,OK,Easy_Calculation 1-3,text,true,,24254,151,20,20,https://www.easycalculation.com/unit-conversion/index.php,297,0,0
1784795547810,343,Easy Calculation - Calculators,200,OK,Easy_Calculation 1-10,text,true,,48202,135,20,20,https://www.easycalculation.com/index.php,335,0,0
1784795547838,324,Easy Calculation - Converters,200,OK,Easy_Calculation 1-20,text,true,,24254,151,20,20,https://www.easycalculation.com/unit-conversion/index.php,321,0,0
1784795547843,324,Easy Calculation - Currency,200,OK,Easy_Calculation 1-16,text,true,,19789,154,20,20,https://www.easycalculation.com/currency-converter/index.php,324,0,0
1784795547863,324,Easy Calculation - Calculators,200,OK,Easy_Calculation 1-13,text,true,,48202,135,20,20,https://www.easycalculation.com/index.php,310,0,0
1784795547905,297,Easy Calculation - Currency,200,OK,Easy_Calculation 1-18,text,true,,19789,154,20,20,https://www.easycalculation.com/currency-converter/index.php,297,0,0
1784795547888,328,Easy Calculation - Calculators,200,OK,Easy_Calculation 1-6,text,true,,48202,135,20,20,https://www.easycalculation.com/index.php,326,0,0
1784795547882,351,Easy Calculation - Currency,200,OK,Easy_Calculation 1-2,text,true,,19789,154,20,20,https://www.easycalculation.com/currency-converter/index.php,351,0,0
1784795547918,335,Easy Calculation - Converters,200,OK,Easy_Calculation 1-9,text,true,,24254,151,20,20,https://www.easycalculation.com/unit-conversion/index.php,335,0,0
1784795547922,331,Easy Calculation - Formulas,200,OK,Easy_Calculation 1-7,text,true,,23703,144,20,20,https://www.easycalculation.com/formulas/index.php,331,0,0
1784795547930,323,Easy Calculation - Converters,200,OK,Easy_Calculation 1-1,text,true,,24254,151,20,20,https://www.easycalculation.com/unit-conversion/index.php,323,0,0
1784795547967,336,Easy Calculation - Currency,200,OK,Easy_Calculation 1-4,text,true,,19789,154,20,20,https://www.easycalculation.com/currency-converter/index.php,336,0,0
1784795548002,309,Easy Calculation - Converters,200,OK,Easy_Calculation 1-8,text,true,,24254,151,20,20,https://www.easycalculation.com/unit-conversion/index.php,307,0,0
1784795548022,301,Easy Calculation - Charts And Tables,200,OK,Easy_Calculation 1-15,text,true,,31053,147,20,20,https://www.easycalculation.com/charts-and-tables.php,295,0,0
1784795547961,368,Easy Calculation - Converters,200,OK,Easy_Calculation 1-17,text,true,,24254,151,20,20,https://www.easycalculation.com/unit-conversion/index.php,365,0,0
1784795548018,316,Easy Calculation - Currency,200,OK,Easy_Calculation 1-11,text,true,,19789,154,20,20,https://www.easycalculation.com/currency-converter/index.php,316,0,0
1784795547965,372,Easy Calculation - Calculators,200,OK,Easy_Calculation 1-14,text,true,,48202,135,20,20,https://www.easycalculation.com/index.php,369,0,0
1784795548066,300,Easy Calculation - Currency,200,OK,Easy_Calculation 1-5,text,true,,19789,154,20,20,https://www.easycalculation.com/currency-converter/index.php,300,0,0
1784795548087,313,Easy Calculation - Calculators,200,OK,Easy_Calculation 1-19,text,true,,48202,135,20,20,https://www.easycalculation.com/index.php,313,0,0
1784795548088,312,Easy Calculation - Formulas,200,OK,Easy_Calculation 1-12,text,true,,23703,144,20,20,https://www.easycalculation.com/formulas/index.php,312,0,0
1784795548102,306,Easy Calculation - Formulas,200,OK,Easy_Calculation 1-3,text,true,,23703,144,20,20,https://www.easycalculation.com/formulas/index.php,296,0,0
1784795548162,320,Easy Calculation - Formulas,200,OK,Easy_Calculation 1-20,text,true,,23703,144,20,20,https://www.easycalculation.com/formulas/index.php,320,0,0
1784795548154,339,Easy Calculation - Converters,200,OK,Easy_Calculation 1-10,text,true,,24254,151,20,20,https://www.easycalculation.com/unit-conversion/index.php,339,0,0
1784795548167,327,Easy Calculation - Charts And Tables,200,OK,Easy_Calculation 1-16,text,true,,31053,147,20,20,https://www.easycalculation.com/charts-and-tables.php,326,0,0
1784795548188,331,Easy Calculation - Converters,200,OK,Easy_Calculation 1-13,text,true,,24254,151,20,20,https://www.easycalculation.com/unit-conversion/index.php,331,0,0
1784795548202,329,Easy Calculation - Charts And Tables,200,OK,Easy_Calculation 1-18,text,true,,31053,147,20,20,https://www.easycalculation.com/charts-and-tables.php,314,0,0
1784795548216,325,Easy Calculation - Converters,200,OK,Easy_Calculation 1-6,text,true,,24254,151,20,20,https://www.easycalculation.com/unit-conversion/index.php,319,0,0
1784795548234,330,Easy Calculation - Charts And Tables,200,OK,Easy_Calculation 1-2,text,true,,31053,147,20,20,https://www.easycalculation.com/charts-and-tables.php,317,0,0
1784795548253,342,Easy Calculation - Formulas,200,OK,Easy_Calculation 1-9,text,true,,23703,144,20,20,https://www.easycalculation.com/formulas/index.php,342,0,0
1784795548253,343,Easy Calculation - Currency,200,OK,Easy_Calculation 1-7,text,true,,19789,154,20,20,https://www.easycalculation.com/currency-converter/index.php,343,0,0
1784795548254,361,Easy Calculation - Formulas,200,OK,Easy_Calculation 1-1,text,true,,23703,144,20,20,https://www.easycalculation.com/formulas/index.php,345,0,0
1784795548324,317,Easy Calculation - Calculators,200,OK,Easy_Calculation 1-15,text,true,,48202,135,20,20,https://www.easycalculation.com/index.php,303,0,0
1784795548311,339,Easy Calculation - Formulas,200,OK,Easy_Calculation 1-8,text,true,,23703,144,20,20,https://www.easycalculation.com/formulas/index.php,336,0,0
1784795548303,359,Easy Calculation - Charts And Tables,200,OK,Easy_Calculation 1-4,text,true,,31053,147,20,20,https://www.easycalculation.com/charts-and-tables.php,350,0,0
1784795548335,343,Easy Calculation - Charts And Tables,200,OK,Easy_Calculation 1-11,text,true,,31053,147,20,20,https://www.easycalculation.com/charts-and-tables.php,343,0,0
1784795548366,312,Easy Calculation - Charts And Tables,200,OK,Easy_Calculation 1-5,text,true,,31053,147,20,20,https://www.easycalculation.com/charts-and-tables.php,312,0,0
1784795548329,356,Easy Calculation - Formulas,200,OK,Easy_Calculation 1-17,text,true,,23703,144,20,20,https://www.easycalculation.com/formulas/index.php,356,0,0
1784795548337,357,Easy Calculation - Converters,200,OK,Easy_Calculation 1-14,text,true,,24254,151,20,20,https://www.easycalculation.com/unit-conversion/index.php,354,0,0
1784795548400,321,Easy Calculation - Currency,200,OK,Easy_Calculation 1-12,text,true,,19789,154,20,20,https://www.easycalculation.com/currency-converter/index.php,320,0,0
1784795548400,328,Easy Calculation - Converters,200,OK,Easy_Calculation 1-19,text,true,,24254,151,20,20,https://www.easycalculation.com/unit-conversion/index.php,328,0,0
1784795548408,339,Easy Calculation - Currency,200,OK,Easy_Calculation 1-3,text,true,,19789,154,20,20,https://www.easycalculation.com/currency-converter/index.php,339,0,0
1784795548482,329,Easy Calculation - Currency,200,OK,Easy_Calculation 1-20,text,true,,19789,154,20,20,https://www.easycalculation.com/currency-converter/index.php,322,0,0
1784795548494,359,Easy Calculation - Formulas,200,OK,Easy_Calculation 1-10,text,true,,23703,144,20,20,https://www.easycalculation.com/formulas/index.php,358,0,0
1784795548531,334,Easy Calculation - Calculators,200,OK,Easy_Calculation 1-18,text,true,,48202,135,20,20,https://www.easycalculation.com/index.php,323,0,0
1784795548520,349,Easy Calculation - Formulas,200,OK,Easy_Calculation 1-13,text,true,,23703,144,20,20,https://www.easycalculation.com/formulas/index.php,346,0,0
1784795548541,339,Easy Calculation - Formulas,200,OK,Easy_Calculation 1-6,text,true,,23703,144,20,20,https://www.easycalculation.com/formulas/index.php,335,0,0
1784795548564,347,Easy Calculation - Calculators,200,OK,Easy_Calculation 1-2,text,true,,48202,135,20,20,https://www.easycalculation.com/index.php,338,0,0
1784795548595,325,Easy Calculation - Currency,200,OK,Easy_Calculation 1-9,text,true,,19789,154,20,20,https://www.easycalculation.com/currency-converter/index.php,324,0,0
1784795548596,341,Easy Calculation - Charts And Tables,200,OK,Easy_Calculation 1-7,text,true,,31053,147,20,20,https://www.easycalculation.com/charts-and-tables.php,330,0,0
1784795548615,332,Easy Calculation - Currency,200,OK,Easy_Calculation 1-1,text,true,,19789,154,20,20,https://www.easycalculation.com/currency-converter/index.php,332,0,0
1784795548642,315,Easy Calculation - Converters,200,OK,Easy_Calculation 1-15,text,true,,24254,151,20,20,https://www.easycalculation.com/unit-conversion/index.php,312,0,0
1784795548651,325,Easy Calculation - Currency,200,OK,Easy_Calculation 1-8,text,true,,19789,154,20,20,https://www.easycalculation.com/currency-converter/index.php,311,0,0
1784795548662,371,Easy Calculation - Calculators,200,OK,Easy_Calculation 1-4,text,true,,48202,135,20,20,https://www.easycalculation.com/index.php,329,0,0
1784795548679,370,Easy Calculation - Calculators,200,OK,Easy_Calculation 1-5,text,true,,48202,135,20,20,https://www.easycalculation.com/index.php,357,0,0
1784795548679,383,Easy Calculation - Calculators,200,OK,Easy_Calculation 1-11,text,true,,48202,135,20,20,https://www.easycalculation.com/index.php,376,0,0
1784795548685,396,Easy Calculation - Currency,200,OK,Easy_Calculation 1-17,text,true,,19789,154,20,20,https://www.easycalculation.com/currency-converter/index.php,396,0,0
1784795548722,360,Easy Calculation - Charts And Tables,200,OK,Easy_Calculation 1-12,text,true,,31053,147,20,20,https://www.easycalculation.com/charts-and-tables.php,359,0,0
1784795548694,391,Easy Calculation - Formulas,200,OK,Easy_Calculation 1-14,text,true,,23703,144,20,20,https://www.easycalculation.com/formulas/index.php,389,0,0
1784795548728,364,Easy Calculation - Formulas,200,OK,Easy_Calculation 1-19,text,true,,23703,144,20,20,https://www.easycalculation.com/formulas/index.php,362,0,0
1784795548747,368,Easy Calculation - Charts And Tables,200,OK,Easy_Calculation 1-3,text,true,,31053,147,20,20,https://www.easycalculation.com/charts-and-tables.php,368,0,0
1784795548495,642,Easy Calculation - Calculators,200,OK,Easy_Calculation 1-16,text,true,,48202,135,20,20,https://www.easycalculation.com/index.php,323,0,0
1784795548811,362,Easy Calculation - Charts And Tables,200,OK,Easy_Calculation 1-20,text,true,,31053,147,20,20,https://www.easycalculation.com/charts-and-tables.php,354,0,0
1784795548865,316,Easy Calculation - Converters,200,OK,Easy_Calculation 1-18,text,true,,24254,151,20,20,https://www.easycalculation.com/unit-conversion/index.php,312,0,0
1784795548853,348,Easy Calculation - Currency,200,OK,Easy_Calculation 1-10,text,true,,19789,154,20,20,https://www.easycalculation.com/currency-converter/index.php,348,0,0
1784795548880,324,Easy Calculation - Currency,200,OK,Easy_Calculation 1-6,text,true,,19789,154,20,20,https://www.easycalculation.com/currency-converter/index.php,324,0,0
1784795548869,342,Easy Calculation - Currency,200,OK,Easy_Calculation 1-13,text,true,,19789,154,20,20,https://www.easycalculation.com/currency-converter/index.php,339,0,0
1784795548921,345,Easy Calculation - Charts And Tables,200,OK,Easy_Calculation 1-9,text,true,,31053,147,20,20,https://www.easycalculation.com/charts-and-tables.php,342,0,0
1784795548912,374,Easy Calculation - Converters,200,OK,Easy_Calculation 1-2,text,true,,24254,151,20,20,https://www.easycalculation.com/unit-conversion/index.php,358,0,0
1784795548937,389,Easy Calculation - Calculators,200,OK,Easy_Calculation 1-7,text,true,,48202,135,20,20,https://www.easycalculation.com/index.php,366,0,0
1784795548947,403,Easy Calculation - Charts And Tables,200,OK,Easy_Calculation 1-1,text,true,,31053,147,20,20,https://www.easycalculation.com/charts-and-tables.php,397,0,0
1784795548957,425,Easy Calculation - Formulas,200,OK,Easy_Calculation 1-15,text,true,,23703,144,20,20,https://www.easycalculation.com/formulas/index.php,417,0,0
1784795548976,439,Easy Calculation - Charts And Tables,200,OK,Easy_Calculation 1-8,text,true,,31053,147,20,20,https://www.easycalculation.com/charts-and-tables.php,434,0,0
1784795549049,390,Easy Calculation - Converters,200,OK,Easy_Calculation 1-5,text,true,,24254,151,20,20,https://www.easycalculation.com/unit-conversion/index.php,387,0,0
1784795549082,365,Easy Calculation - Calculators,200,OK,Easy_Calculation 1-12,text,true,,48202,135,20,20,https://www.easycalculation.com/index.php,361,0,0
1784795549062,391,Easy Calculation - Converters,200,OK,Easy_Calculation 1-11,text,true,,24254,151,20,20,https://www.easycalculation.com/unit-conversion/index.php,391,0,0
1784795549033,444,Easy Calculation - Converters,200,OK,Easy_Calculation 1-4,text,true,,24254,151,20,20,https://www.easycalculation.com/unit-conversion/index.php,427,0,0
1784795549092,385,Easy Calculation - Currency,200,OK,Easy_Calculation 1-19,text,true,,19789,154,20,20,https://www.easycalculation.com/currency-converter/index.php,385,0,0
1784795549085,408,Easy Calculation - Currency,200,OK,Easy_Calculation 1-14,text,true,,19789,154,20,20,https://www.easycalculation.com/currency-converter/index.php,408,0,0
1784795549115,387,Easy Calculation - Calculators,200,OK,Easy_Calculation 1-3,text,true,,48202,135,20,20,https://www.easycalculation.com/index.php,378,0,0
1784795549081,426,Easy Calculation - Charts And Tables,200,OK,Easy_Calculation 1-17,text,true,,31053,147,20,20,https://www.easycalculation.com/charts-and-tables.php,420,0,0
1784795549173,357,Easy Calculation - Calculators,200,OK,Easy_Calculation 1-20,text,true,,48202,135,20,20,https://www.easycalculation.com/index.php,347,0,0
1784795549181,368,Easy Calculation - Formulas,200,OK,Easy_Calculation 1-18,text,true,,23703,144,20,20,https://www.easycalculation.com/formulas/index.php,355,0,0
1784795549204,350,Easy Calculation - Charts And Tables,200,OK,Easy_Calculation 1-6,text,true,,31053,147,20,20,https://www.easycalculation.com/charts-and-tables.php,345,0,0
1784795549202,353,Easy Calculation - Charts And Tables,200,OK,Easy_Calculation 1-10,text,true,,31053,147,20,20,https://www.easycalculation.com/charts-and-tables.php,352,0,0
1784795549212,368,Easy Calculation - Charts And Tables,200,OK,Easy_Calculation 1-13,text,true,,31053,147,20,20,https://www.easycalculation.com/charts-and-tables.php,349,0,0
1784795549266,347,Easy Calculation - Calculators,200,OK,Easy_Calculation 1-9,text,true,,48202,135,20,20,https://www.easycalculation.com/index.php,325,0,0
1784795549286,329,Easy Calculation - Formulas,200,OK,Easy_Calculation 1-2,text,true,,23703,144,20,20,https://www.easycalculation.com/formulas/index.php,328,0,0
1784795549326,320,Easy Calculation - Converters,200,OK,Easy_Calculation 1-7,text,true,,24254,151,20,20,https://www.easycalculation.com/unit-conversion/index.php,319,0,0
1784795549351,331,Easy Calculation - Calculators,200,OK,Easy_Calculation 1-1,text,true,,48202,135,20,20,https://www.easycalculation.com/index.php,325,0,0
1784795549382,303,Easy Calculation - Currency,200,OK,Easy_Calculation 1-15,text,true,,19789,154,20,20,https://www.easycalculation.com/currency-converter/index.php,303,0,0
1784795549415,329,Easy Calculation - Calculators,200,OK,Easy_Calculation 1-8,text,true,,48202,135,20,20,https://www.easycalculation.com/index.php,314,0,0
1784795549440,310,Easy Calculation - Formulas,200,OK,Easy_Calculation 1-5,text,true,,23703,144,20,20,https://www.easycalculation.com/formulas/index.php,309,0,0
1784795549448,308,Easy Calculation - Converters,200,OK,Easy_Calculation 1-12,text,true,,24254,151,20,20,https://www.easycalculation.com/unit-conversion/index.php,308,0,0
1784795549454,311,Easy Calculation - Formulas,200,OK,Easy_Calculation 1-11,text,true,,23703,144,20,20,https://www.easycalculation.com/formulas/index.php,308,0,0
1784795549477,319,Easy Calculation - Charts And Tables,200,OK,Easy_Calculation 1-19,text,true,,31053,147,20,20,https://www.easycalculation.com/charts-and-tables.php,314,0,0
1784795549477,330,Easy Calculation - Formulas,200,OK,Easy_Calculation 1-4,text,true,,23703,144,20,20,https://www.easycalculation.com/formulas/index.php,324,0,0
1784795549502,309,Easy Calculation - Converters,200,OK,Easy_Calculation 1-3,text,true,,24254,151,20,20,https://www.easycalculation.com/unit-conversion/index.php,309,0,0
1784795549493,345,Easy Calculation - Charts And Tables,200,OK,Easy_Calculation 1-14,text,true,,31053,147,20,20,https://www.easycalculation.com/charts-and-tables.php,345,0,0
1784795549507,346,Easy Calculation - Calculators,200,OK,Easy_Calculation 1-17,text,true,,48202,135,20,20,https://www.easycalculation.com/index.php,330,0,0
1784795549549,317,Easy Calculation - Currency,200,OK,Easy_Calculation 1-18,text,true,,19789,154,20,20,https://www.easycalculation.com/currency-converter/index.php,317,0,0
1784795549554,334,Easy Calculation - Calculators,200,OK,Easy_Calculation 1-6,text,true,,48202,135,20,20,https://www.easycalculation.com/index.php,331,0,0
1784795549555,357,Easy Calculation - Calculators,200,OK,Easy_Calculation 1-10,text,true,,48202,135,20,20,https://www.easycalculation.com/index.php,335,0,0
1784795549580,357,Easy Calculation - Calculators,200,OK,Easy_Calculation 1-13,text,true,,48202,135,20,20,https://www.easycalculation.com/index.php,345,0,0
1784795549613,355,Easy Calculation - Converters,200,OK,Easy_Calculation 1-9,text,true,,24254,151,20,20,https://www.easycalculation.com/unit-conversion/index.php,355,0,0
1784795549615,353,Easy Calculation - Currency,200,OK,Easy_Calculation 1-2,text,true,,19789,154,20,20,https://www.easycalculation.com/currency-converter/index.php,353,0,0
1784795549646,324,Easy Calculation - Formulas,200,OK,Easy_Calculation 1-7,text,true,,23703,144,20,20,https://www.easycalculation.com/formulas/index.php,322,0,0
1784795549686,326,Easy Calculation - Charts And Tables,200,OK,Easy_Calculation 1-15,text,true,,31053,147,20,20,https://www.easycalculation.com/charts-and-tables.php,322,0,0
1784795549682,340,Easy Calculation - Converters,200,OK,Easy_Calculation 1-1,text,true,,24254,151,20,20,https://www.easycalculation.com/unit-conversion/index.php,335,0,0
1784795549744,308,Easy Calculation - Converters,200,OK,Easy_Calculation 1-8,text,true,,24254,151,20,20,https://www.easycalculation.com/unit-conversion/index.php,305,0,0
1784795549756,299,Easy Calculation - Formulas,200,OK,Easy_Calculation 1-12,text,true,,23703,144,20,20,https://www.easycalculation.com/formulas/index.php,297,0,0
1784795549750,307,Easy Calculation - Currency,200,OK,Easy_Calculation 1-5,text,true,,19789,154,20,20,https://www.easycalculation.com/currency-converter/index.php,307,0,0
1784795549765,308,Easy Calculation - Currency,200,OK,Easy_Calculation 1-11,text,true,,19789,154,20,20,https://www.easycalculation.com/currency-converter/index.php,308,0,0
1784795549811,296,Easy Calculation - Formulas,200,OK,Easy_Calculation 1-3,text,true,,23703,144,20,20,https://www.easycalculation.com/formulas/index.php,294,0,0
1784795549807,305,Easy Calculation - Currency,200,OK,Easy_Calculation 1-4,text,true,,19789,154,20,20,https://www.easycalculation.com/currency-converter/index.php,305,0,0
1784795549867,297,Easy Calculation - Charts And Tables,200,OK,Easy_Calculation 1-18,text,true,,31053,147,20,20,https://www.easycalculation.com/charts-and-tables.php,295,0,0
1784795549838,340,Easy Calculation - Calculators,200,OK,Easy_Calculation 1-14,text,true,,48202,135,20,20,https://www.easycalculation.com/index.php,332,0,0
1784795549853,353,Easy Calculation - Converters,200,OK,Easy_Calculation 1-17,text,true,,24254,151,20,20,https://www.easycalculation.com/unit-conversion/index.php,334,0,0
1784795549888,318,Easy Calculation - Converters,200,OK,Easy_Calculation 1-6,text,true,,24254,151,20,20,https://www.easycalculation.com/unit-conversion/index.php,318,0,0
1784795549912,318,Easy Calculation - Converters,200,OK,Easy_Calculation 1-10,text,true,,24254,151,20,20,https://www.easycalculation.com/unit-conversion/index.php,316,0,0
1784795549137,1124,Easy Calculation - Converters,200,OK,Easy_Calculation 1-16,text,true,,24254,151,20,20,https://www.easycalculation.com/unit-conversion/index.php,804,0,0
1784795549937,329,Easy Calculation - Converters,200,OK,Easy_Calculation 1-13,text,true,,24254,151,20,20,https://www.easycalculation.com/unit-conversion/index.php,326,0,0
1784795549968,308,Easy Calculation - Formulas,200,OK,Easy_Calculation 1-9,text,true,,23703,144,20,20,https://www.easycalculation.com/formulas/index.php,305,0,0
1784795549970,339,Easy Calculation - Currency,200,OK,Easy_Calculation 1-7,text,true,,19789,154,20,20,https://www.easycalculation.com/currency-converter/index.php,337,0,0
1784795549968,342,Easy Calculation - Charts And Tables,200,OK,Easy_Calculation 1-2,text,true,,31053,147,20,20,https://www.easycalculation.com/charts-and-tables.php,327,0,0
1784795550014,306,Easy Calculation - Calculators,200,OK,Easy_Calculation 1-15,text,true,,48202,135,20,20,https://www.easycalculation.com/index.php,298,0,0
1784795550022,337,Easy Calculation - Formulas,200,OK,Easy_Calculation 1-1,text,true,,23703,144,20,20,https://www.easycalculation.com/formulas/index.php,320,0,0
1784795550055,306,Easy Calculation - Currency,200,OK,Easy_Calculation 1-12,text,true,,19789,154,20,20,https://www.easycalculation.com/currency-converter/index.php,306,0,0
1784795550058,314,Easy Calculation - Charts And Tables,200,OK,Easy_Calculation 1-5,text,true,,31053,147,20,20,https://www.easycalculation.com/charts-and-tables.php,313,0,0
1784795550053,320,Easy Calculation - Formulas,200,OK,Easy_Calculation 1-8,text,true,,23703,144,20,20,https://www.easycalculation.com/formulas/index.php,320,0,0
1784795549531,848,Easy Calculation - Converters,200,OK,Easy_Calculation 1-20,text,true,,24254,151,20,20,https://www.easycalculation.com/unit-conversion/index.php,846,0,0
1784795550073,320,Easy Calculation - Charts And Tables,200,OK,Easy_Calculation 1-11,text,true,,31053,147,20,20,https://www.easycalculation.com/charts-and-tables.php,314,0,0
1784795550107,301,Easy Calculation - Currency,200,OK,Easy_Calculation 1-3,text,true,,19789,154,20,20,https://www.easycalculation.com/currency-converter/index.php,301,0,0
1784795550112,311,Easy Calculation - Charts And Tables,200,OK,Easy_Calculation 1-4,text,true,,31053,147,20,20,https://www.easycalculation.com/charts-and-tables.php,310,0,0
1784795550164,316,Easy Calculation - Calculators,200,OK,Easy_Calculation 1-18,text,true,,48202,135,20,20,https://www.easycalculation.com/index.php,312,0,0
1784795550206,325,Easy Calculation - Formulas,200,OK,Easy_Calculation 1-6,text,true,,23703,144,20,20,https://www.easycalculation.com/formulas/index.php,322,0,0
1784795550178,385,Easy Calculation - Converters,200,OK,Easy_Calculation 1-14,text,true,,24254,151,20,20,https://www.easycalculation.com/unit-conversion/index.php,381,0,0
1784795550206,368,Easy Calculation - Formulas,200,OK,Easy_Calculation 1-17,text,true,,23703,144,20,20,https://www.easycalculation.com/formulas/index.php,361,0,0
1784795550230,351,Easy Calculation - Formulas,200,OK,Easy_Calculation 1-10,text,true,,23703,144,20,20,https://www.easycalculation.com/formulas/index.php,341,0,0
1784795550261,326,Easy Calculation - Formulas,200,OK,Easy_Calculation 1-16,text,true,,23703,144,20,20,https://www.easycalculation.com/formulas/index.php,323,0,0
1784795549796,818,Easy Calculation - Calculators,200,OK,Easy_Calculation 1-19,text,true,,48202,135,20,20,https://www.easycalculation.com/index.php,795,0,0
1784795550277,345,Easy Calculation - Currency,200,OK,Easy_Calculation 1-9,text,true,,19789,154,20,20,https://www.easycalculation.com/currency-converter/index.php,344,0,0
1784795550266,367,Easy Calculation - Formulas,200,OK,Easy_Calculation 1-13,text,true,,23703,144,20,20,https://www.easycalculation.com/formulas/index.php,364,0,0
1784795550321,323,Easy Calculation - Converters,200,OK,Easy_Calculation 1-15,text,true,,24254,151,20,20,https://www.easycalculation.com/unit-conversion/index.php,318,0,0
1784795550309,346,Easy Calculation - Charts And Tables,200,OK,Easy_Calculation 1-7,text,true,,31053,147,20,20,https://www.easycalculation.com/charts-and-tables.php,341,0,0
1784795550310,364,Easy Calculation - Calculators,200,OK,Easy_Calculation 1-2,text,true,,48202,135,20,20,https://www.easycalculation.com/index.php,352,0,0
1784795550361,321,Easy Calculation - Charts And Tables,200,OK,Easy_Calculation 1-12,text,true,,31053,147,20,20,https://www.easycalculation.com/charts-and-tables.php,317,0,0
1784795550372,322,Easy Calculation - Calculators,200,OK,Easy_Calculation 1-5,text,true,,48202,135,20,20,https://www.easycalculation.com/index.php,313,0,0
1784795550373,327,Easy Calculation - Currency,200,OK,Easy_Calculation 1-8,text,true,,19789,154,20,20,https://www.easycalculation.com/currency-converter/index.php,325,0,0
1784795550379,328,Easy Calculation - Formulas,200,OK,Easy_Calculation 1-20,text,true,,23703,144,20,20,https://www.easycalculation.com/formulas/index.php,324,0,0
1784795550360,351,Easy Calculation - Currency,200,OK,Easy_Calculation 1-1,text,true,,19789,154,20,20,https://www.easycalculation.com/currency-converter/index.php,351,0,0
1784795550393,349,Easy Calculation - Calculators,200,OK,Easy_Calculation 1-11,text,true,,48202,135,20,20,https://www.easycalculation.com/index.php,322,0,0
1784795550408,347,Easy Calculation - Charts And Tables,200,OK,Easy_Calculation 1-3,text,true,,31053,147,20,20,https://www.easycalculation.com/charts-and-tables.php,343,0,0
1784795550423,376,Easy Calculation - Calculators,200,OK,Easy_Calculation 1-4,text,true,,48202,135,20,20,https://www.easycalculation.com/index.php,350,0,0
1784795550480,404,Easy Calculation - Converters,200,OK,Easy_Calculation 1-18,text,true,,24254,151,20,20,https://www.easycalculation.com/unit-conversion/index.php,392,0,0
1784795550531,383,Easy Calculation - Currency,200,OK,Easy_Calculation 1-6,text,true,,19789,154,20,20,https://www.easycalculation.com/currency-converter/index.php,383,0,0
1784795550563,374,Easy Calculation - Formulas,200,OK,Easy_Calculation 1-14,text,true,,23703,144,20,20,https://www.easycalculation.com/formulas/index.php,373,0,0
1784795550614,327,Easy Calculation - Converters,200,OK,Easy_Calculation 1-19,text,true,,24254,151,20,20,https://www.easycalculation.com/unit-conversion/index.php,325,0,0
1784795550587,359,Easy Calculation - Currency,200,OK,Easy_Calculation 1-16,text,true,,19789,154,20,20,https://www.easycalculation.com/currency-converter/index.php,356,0,0
1784795550581,368,Easy Calculation - Currency,200,OK,Easy_Calculation 1-10,text,true,,19789,154,20,20,https://www.easycalculation.com/currency-converter/index.php,368,0,0
1784795550574,382,Easy Calculation - Currency,200,OK,Easy_Calculation 1-17,text,true,,19789,154,20,20,https://www.easycalculation.com/currency-converter/index.php,382,0,0
1784795550622,341,Easy Calculation - Charts And Tables,200,OK,Easy_Calculation 1-9,text,true,,31053,147,20,20,https://www.easycalculation.com/charts-and-tables.php,341,0,0
1784795550633,342,Easy Calculation - Currency,200,OK,Easy_Calculation 1-13,text,true,,19789,154,20,20,https://www.easycalculation.com/currency-converter/index.php,342,0,0
1784795550645,334,Easy Calculation - Formulas,200,OK,Easy_Calculation 1-15,text,true,,23703,144,20,20,https://www.easycalculation.com/formulas/index.php,333,0,0
1784795550655,341,Easy Calculation - Calculators,200,OK,Easy_Calculation 1-7,text,true,,48202,135,20,20,https://www.easycalculation.com/index.php,334,0,0
1784795550682,330,Easy Calculation - Calculators,200,OK,Easy_Calculation 1-12,text,true,,48202,135,20,20,https://www.easycalculation.com/index.php,314,0,0
1784795550694,319,Easy Calculation - Converters,200,OK,Easy_Calculation 1-5,text,true,,24254,151,20,20,https://www.easycalculation.com/unit-conversion/index.php,318,0,0
1784795550674,344,Easy Calculation - Converters,200,OK,Easy_Calculation 1-2,text,true,,24254,151,20,20,https://www.easycalculation.com/unit-conversion/index.php,343,0,0
1784795550707,391,Easy Calculation - Currency,200,OK,Easy_Calculation 1-20,text,true,,19789,154,20,20,https://www.easycalculation.com/currency-converter/index.php,391,0,0
1784795550700,411,Easy Calculation - Charts And Tables,200,OK,Easy_Calculation 1-8,text,true,,31053,147,20,20,https://www.easycalculation.com/charts-and-tables.php,398,0,0
1784795550742,411,Easy Calculation - Converters,200,OK,Easy_Calculation 1-11,text,true,,24254,151,20,20,https://www.easycalculation.com/unit-conversion/index.php,396,0,0
1784795550756,429,Easy Calculation - Calculators,200,OK,Easy_Calculation 1-3,text,true,,48202,135,20,20,https://www.easycalculation.com/index.php,426,0,0
1784795550799,389,Easy Calculation - Converters,200,OK,Easy_Calculation 1-4,text,true,,24254,151,20,20,https://www.easycalculation.com/unit-conversion/index.php,389,0,0
1784795550884,322,Easy Calculation - Formulas,200,OK,Easy_Calculation 1-18,text,true,,23703,144,20,20,https://www.easycalculation.com/formulas/index.php,317,0,0
1784795550914,327,Easy Calculation - Charts And Tables,200,OK,Easy_Calculation 1-6,text,true,,31053,147,20,20,https://www.easycalculation.com/charts-and-tables.php,319,0,0
1784795550941,385,Easy Calculation - Formulas,200,OK,Easy_Calculation 1-19,text,true,,23703,144,20,20,https://www.easycalculation.com/formulas/index.php,383,0,0
1784795550946,394,Easy Calculation - Charts And Tables,200,OK,Easy_Calculation 1-16,text,true,,31053,147,20,20,https://www.easycalculation.com/charts-and-tables.php,391,0,0
1784795550938,408,Easy Calculation - Currency,200,OK,Easy_Calculation 1-14,text,true,,19789,154,20,20,https://www.easycalculation.com/currency-converter/index.php,408,0,0
1784795550950,411,Easy Calculation - Charts And Tables,200,OK,Easy_Calculation 1-10,text,true,,31053,147,20,20,https://www.easycalculation.com/charts-and-tables.php,407,0,0
1784795550980,382,Easy Calculation - Currency,200,OK,Easy_Calculation 1-15,text,true,,19789,154,20,20,https://www.easycalculation.com/currency-converter/index.php,382,0,0
1784795551012,357,Easy Calculation - Converters,200,OK,Easy_Calculation 1-12,text,true,,24254,151,20,20,https://www.easycalculation.com/unit-conversion/index.php,357,0,0
1784795550963,413,Easy Calculation - Calculators,200,OK,Easy_Calculation 1-9,text,true,,48202,135,20,20,https://www.easycalculation.com/index.php,409,0,0
1784795551013,369,Easy Calculation - Formulas,200,OK,Easy_Calculation 1-5,text,true,,23703,144,20,20,https://www.easycalculation.com/formulas/index.php,367,0,0
1784795550976,428,Easy Calculation - Charts And Tables,200,OK,Easy_Calculation 1-13,text,true,,31053,147,20,20,https://www.easycalculation.com/charts-and-tables.php,407,0,0
1784795550956,449,Easy Calculation - Charts And Tables,200,OK,Easy_Calculation 1-17,text,true,,31053,147,20,20,https://www.easycalculation.com/charts-and-tables.php,449,0,0
1784795550996,412,Easy Calculation - Converters,200,OK,Easy_Calculation 1-7,text,true,,24254,151,20,20,https://www.easycalculation.com/unit-conversion/index.php,412,0,0
1784795551018,392,Easy Calculation - Formulas,200,OK,Easy_Calculation 1-2,text,true,,23703,144,20,20,https://www.easycalculation.com/formulas/index.php,392,0,0
1784795551098,340,Easy Calculation - Charts And Tables,200,OK,Easy_Calculation 1-20,text,true,,31053,147,20,20,https://www.easycalculation.com/charts-and-tables.php,323,0,0
1784795551112,336,Easy Calculation - Calculators,200,OK,Easy_Calculation 1-8,text,true,,48202,135,20,20,https://www.easycalculation.com/index.php,325,0,0
1784795551185,320,Easy Calculation - Converters,200,OK,Easy_Calculation 1-3,text,true,,24254,151,20,20,https://www.easycalculation.com/unit-conversion/index.php,319,0,0
1784795551153,355,Easy Calculation - Formulas,200,OK,Easy_Calculation 1-11,text,true,,23703,144,20,20,https://www.easycalculation.com/formulas/index.php,355,0,0
1784795551206,310,Easy Calculation - Currency,200,OK,Easy_Calculation 1-18,text,true,,19789,154,20,20,https://www.easycalculation.com/currency-converter/index.php,310,0,0
1784795551188,334,Easy Calculation - Formulas,200,OK,Easy_Calculation 1-4,text,true,,23703,144,20,20,https://www.easycalculation.com/formulas/index.php,332,0,0
1784795550711,829,Easy Calculation - Charts And Tables,200,OK,Easy_Calculation 1-1,text,true,,31053,147,20,20,https://www.easycalculation.com/charts-and-tables.php,815,0,0
1784795551242,324,Easy Calculation - Calculators,200,OK,Easy_Calculation 1-6,text,true,,48202,135,20,20,https://www.easycalculation.com/index.php,316,0,0
1784795551326,317,Easy Calculation - Currency,200,OK,Easy_Calculation 1-19,text,true,,19789,154,20,20,https://www.easycalculation.com/currency-converter/index.php,313,0,0
1784795551362,309,Easy Calculation - Charts And Tables,200,OK,Easy_Calculation 1-15,text,true,,31053,147,20,20,https://www.easycalculation.com/charts-and-tables.php,304,0,0
1784795551369,322,Easy Calculation - Formulas,200,OK,Easy_Calculation 1-12,text,true,,23703,144,20,20,https://www.easycalculation.com/formulas/index.php,314,0,0
1784795551347,368,Easy Calculation - Charts And Tables,200,OK,Easy_Calculation 1-14,text,true,,31053,147,20,20,https://www.easycalculation.com/charts-and-tables.php,351,0,0
1784795551361,355,Easy Calculation - Calculators,200,OK,Easy_Calculation 1-10,text,true,,48202,135,20,20,https://www.easycalculation.com/index.php,329,0,0
1784795551382,360,Easy Calculation - Currency,200,OK,Easy_Calculation 1-5,text,true,,19789,154,20,20,https://www.easycalculation.com/currency-converter/index.php,358,0,0
1784795551376,385,Easy Calculation - Converters,200,OK,Easy_Calculation 1-9,text,true,,24254,151,20,20,https://www.easycalculation.com/unit-conversion/index.php,380,0,0
1784795551408,374,Easy Calculation - Formulas,200,OK,Easy_Calculation 1-7,text,true,,23703,144,20,20,https://www.easycalculation.com/formulas/index.php,367,0,0
1784795551404,400,Easy Calculation - Calculators,200,OK,Easy_Calculation 1-13,text,true,,48202,135,20,20,https://www.easycalculation.com/index.php,399,0,0
1784795551438,401,Easy Calculation - Calculators,200,OK,Easy_Calculation 1-20,text,true,,48202,135,20,20,https://www.easycalculation.com/index.php,380,0,0
1784795551448,400,Easy Calculation - Converters,200,OK,Easy_Calculation 1-8,text,true,,24254,151,20,20,https://www.easycalculation.com/unit-conversion/index.php,398,0,0
1784795551410,447,Easy Calculation - Currency,200,OK,Easy_Calculation 1-2,text,true,,19789,154,20,20,https://www.easycalculation.com/currency-converter/index.php,444,0,0
1784795551406,500,Easy Calculation - Calculators,200,OK,Easy_Calculation 1-17,text,true,,48202,135,20,20,https://www.easycalculation.com/index.php,456,0,0
1784795551505,429,Easy Calculation - Formulas,200,OK,Easy_Calculation 1-3,text,true,,23703,144,20,20,https://www.easycalculation.com/formulas/index.php,421,0,0
1784795551508,447,Easy Calculation - Currency,200,OK,Easy_Calculation 1-11,text,true,,19789,154,20,20,https://www.easycalculation.com/currency-converter/index.php,445,0,0
1784795551517,461,Easy Calculation - Charts And Tables,200,OK,Easy_Calculation 1-18,text,true,,31053,147,20,20,https://www.easycalculation.com/charts-and-tables.php,456,0,0
1784795551522,474,Easy Calculation - Currency,200,OK,Easy_Calculation 1-4,text,true,,19789,154,20,20,https://www.easycalculation.com/currency-converter/index.php,474,0,0
1784795551540,466,Easy Calculation - Calculators,200,OK,Easy_Calculation 1-1,text,true,,48202,135,20,20,https://www.easycalculation.com/index.php,460,0,0
1784795551566,451,Easy Calculation - Converters,200,OK,Easy_Calculation 1-6,text,true,,24254,151,20,20,https://www.easycalculation.com/unit-conversion/index.php,445,0,0
1784795551643,402,Easy Calculation - Charts And Tables,200,OK,Easy_Calculation 1-19,text,true,,31053,147,20,20,https://www.easycalculation.com/charts-and-tables.php,379,0,0
1784795551341,710,Easy Calculation - Calculators,200,OK,Easy_Calculation 1-16,text,true,,48202,135,20,20,https://www.easycalculation.com/index.php,316,0,0
1784795551671,403,Easy Calculation - Calculators,200,OK,Easy_Calculation 1-15,text,true,,48202,135,20,20,https://www.easycalculation.com/index.php,383,0,0
1784795551691,389,Easy Calculation - Currency,200,OK,Easy_Calculation 1-12,text,true,,19789,154,20,20,https://www.easycalculation.com/currency-converter/index.php,385,0,0
1784795551742,373,Easy Calculation - Charts And Tables,200,OK,Easy_Calculation 1-5,text,true,,31053,147,20,20,https://www.easycalculation.com/charts-and-tables.php,353,0,0
1784795551715,434,Easy Calculation - Calculators,200,OK,Easy_Calculation 1-14,text,true,,48202,135,20,20,https://www.easycalculation.com/index.php,434,0,0
1784795551716,449,Easy Calculation - Converters,200,OK,Easy_Calculation 1-10,text,true,,24254,151,20,20,https://www.easycalculation.com/unit-conversion/index.php,449,0,0
1784795551762,403,Easy Calculation - Formulas,200,OK,Easy_Calculation 1-9,text,true,,23703,144,20,20,https://www.easycalculation.com/formulas/index.php,403,0,0
1784795551782,399,Easy Calculation - Currency,200,OK,Easy_Calculation 1-7,text,true,,19789,154,20,20,https://www.easycalculation.com/currency-converter/index.php,399,0,0
1784795551804,392,Easy Calculation - Converters,200,OK,Easy_Calculation 1-13,text,true,,24254,151,20,20,https://www.easycalculation.com/unit-conversion/index.php,392,0,0
1784795551840,372,Easy Calculation - Converters,200,OK,Easy_Calculation 1-20,text,true,,24254,151,20,20,https://www.easycalculation.com/unit-conversion/index.php,372,0,0
1784795551848,380,Easy Calculation - Formulas,200,OK,Easy_Calculation 1-8,text,true,,23703,144,20,20,https://www.easycalculation.com/formulas/index.php,364,0,0
1784795551857,387,Easy Calculation - Charts And Tables,200,OK,Easy_Calculation 1-2,text,true,,31053,147,20,20,https://www.easycalculation.com/charts-and-tables.php,387,0,0
1784795551935,324,Easy Calculation - Currency,200,OK,Easy_Calculation 1-3,text,true,,19789,154,20,20,https://www.easycalculation.com/currency-converter/index.php,324,0,0
1784795551955,327,Easy Calculation - Charts And Tables,200,OK,Easy_Calculation 1-11,text,true,,31053,147,20,20,https://www.easycalculation.com/charts-and-tables.php,320,0,0
1784795551978,340,Easy Calculation - Calculators,200,OK,Easy_Calculation 1-18,text,true,,48202,135,20,20,https://www.easycalculation.com/index.php,324,0,0
1784795551996,323,Easy Calculation - Charts And Tables,200,OK,Easy_Calculation 1-4,text,true,,31053,147,20,20,https://www.easycalculation.com/charts-and-tables.php,323,0,0
1784795552006,336,Easy Calculation - Converters,200,OK,Easy_Calculation 1-1,text,true,,24254,151,20,20,https://www.easycalculation.com/unit-conversion/index.php,329,0,0
1784795552017,337,Easy Calculation - Formulas,200,OK,Easy_Calculation 1-6,text,true,,23703,144,20,20,https://www.easycalculation.com/formulas/index.php,334,0,0
1784795552045,330,Easy Calculation - Calculators,200,OK,Easy_Calculation 1-19,text,true,,48202,135,20,20,https://www.easycalculation.com/index.php,312,0,0
1784795552051,331,Easy Calculation - Converters,200,OK,Easy_Calculation 1-16,text,true,,24254,151,20,20,https://www.easycalculation.com/unit-conversion/index.php,328,0,0
1784795552075,312,Easy Calculation - Converters,200,OK,Easy_Calculation 1-15,text,true,,24254,151,20,20,https://www.easycalculation.com/unit-conversion/index.php,309,0,0
1784795552080,315,Easy Calculation - Charts And Tables,200,OK,Easy_Calculation 1-12,text,true,,31053,147,20,20,https://www.easycalculation.com/charts-and-tables.php,311,0,0
1784795552115,317,Easy Calculation - Calculators,200,OK,Easy_Calculation 1-5,text,true,,48202,135,20,20,https://www.easycalculation.com/index.php,308,0,0
1784795552165,325,Easy Calculation - Formulas,200,OK,Easy_Calculation 1-10,text,true,,23703,144,20,20,https://www.easycalculation.com/formulas/index.php,317,0,0
1784795552150,349,Easy Calculation - Converters,200,OK,Easy_Calculation 1-14,text,true,,24254,151,20,20,https://www.easycalculation.com/unit-conversion/index.php,332,0,0
1784795552181,342,Easy Calculation - Charts And Tables,200,OK,Easy_Calculation 1-7,text,true,,31053,147,20,20,https://www.easycalculation.com/charts-and-tables.php,341,0,0
1784795552165,359,Easy Calculation - Currency,200,OK,Easy_Calculation 1-9,text,true,,19789,154,20,20,https://www.easycalculation.com/currency-converter/index.php,359,0,0
1784795552197,339,Easy Calculation - Formulas,200,OK,Easy_Calculation 1-13,text,true,,23703,144,20,20,https://www.easycalculation.com/formulas/index.php,333,0,0
1784795552212,335,Easy Calculation - Formulas,200,OK,Easy_Calculation 1-20,text,true,,23703,144,20,20,https://www.easycalculation.com/formulas/index.php,333,0,0
1784795552228,327,Easy Calculation - Currency,200,OK,Easy_Calculation 1-8,text,true,,19789,154,20,20,https://www.easycalculation.com/currency-converter/index.php,325,0,0
1784795552244,326,Easy Calculation - Calculators,200,OK,Easy_Calculation 1-2,text,true,,48202,135,20,20,https://www.easycalculation.com/index.php,318,0,0
1784795552259,318,Easy Calculation - Charts And Tables,200,OK,Easy_Calculation 1-3,text,true,,31053,147,20,20,https://www.easycalculation.com/charts-and-tables.php,316,0,0
1784795552282,330,Easy Calculation - Calculators,200,OK,Easy_Calculation 1-11,text,true,,48202,135,20,20,https://www.easycalculation.com/index.php,310,0,0
1784795552318,323,Easy Calculation - Converters,200,OK,Easy_Calculation 1-18,text,true,,24254,151,20,20,https://www.easycalculation.com/unit-conversion/index.php,307,0,0
1784795552342,323,Easy Calculation - Formulas,200,OK,Easy_Calculation 1-1,text,true,,23703,144,20,20,https://www.easycalculation.com/formulas/index.php,323,0,0
1784795552319,347,Easy Calculation - Calculators,200,OK,Easy_Calculation 1-4,text,true,,48202,135,20,20,https://www.easycalculation.com/index.php,322,0,0
1784795552354,317,Easy Calculation - Currency,200,OK,Easy_Calculation 1-6,text,true,,19789,154,20,20,https://www.easycalculation.com/currency-converter/index.php,317,0,0
1784795552375,315,Easy Calculation - Converters,200,OK,Easy_Calculation 1-19,text,true,,24254,151,20,20,https://www.easycalculation.com/unit-conversion/index.php,306,0,0
1784795552387,319,Easy Calculation - Formulas,200,OK,Easy_Calculation 1-15,text,true,,23703,144,20,20,https://www.easycalculation.com/formulas/index.php,316,0,0
1784795552382,333,Easy Calculation - Formulas,200,OK,Easy_Calculation 1-16,text,true,,23703,144,20,20,https://www.easycalculation.com/formulas/index.php,329,0,0
1784795552395,335,Easy Calculation - Calculators,200,OK,Easy_Calculation 1-12,text,true,,48202,135,20,20,https://www.easycalculation.com/index.php,326,0,0
1784795552432,310,Easy Calculation - Converters,200,OK,Easy_Calculation 1-5,text,true,,24254,151,20,20,https://www.easycalculation.com/unit-conversion/index.php,303,0,0
1784795552499,346,Easy Calculation - Formulas,200,OK,Easy_Calculation 1-14,text,true,,23703,144,20,20,https://www.easycalculation.com/formulas/index.php,345,0,0
1784795552523,379,Easy Calculation - Calculators,200,OK,Easy_Calculation 1-7,text,true,,48202,135,20,20,https://www.easycalculation.com/index.php,376,0,0
1784795552524,380,Easy Calculation - Charts And Tables,200,OK,Easy_Calculation 1-9,text,true,,31053,147,20,20,https://www.easycalculation.com/charts-and-tables.php,321,0,0
1784795552536,368,Easy Calculation - Currency,200,OK,Easy_Calculation 1-13,text,true,,19789,154,20,20,https://www.easycalculation.com/currency-converter/index.php,368,0,0
1784795552555,352,Easy Calculation - Charts And Tables,200,OK,Easy_Calculation 1-8,text,true,,31053,147,20,20,https://www.easycalculation.com/charts-and-tables.php,351,0,0
1784795551906,1004,Easy Calculation - Converters,200,OK,Easy_Calculation 1-17,text,true,,24254,151,20,20,https://www.easycalculation.com/unit-conversion/index.php,1002,0,0
1784795552577,353,Easy Calculation - Calculators,200,OK,Easy_Calculation 1-3,text,true,,48202,135,20,20,https://www.easycalculation.com/index.php,351,0,0
1784795552570,363,Easy Calculation - Converters,200,OK,Easy_Calculation 1-2,text,true,,24254,151,20,20,https://www.easycalculation.com/unit-conversion/index.php,363,0,0
1784795552612,324,Easy Calculation - Converters,200,OK,Easy_Calculation 1-11,text,true,,24254,151,20,20,https://www.easycalculation.com/unit-conversion/index.php,324,0,0
1784795552641,310,Easy Calculation - Formulas,200,OK,Easy_Calculation 1-18,text,true,,23703,144,20,20,https://www.easycalculation.com/formulas/index.php,309,0,0
1784795552666,325,Easy Calculation - Converters,200,OK,Easy_Calculation 1-4,text,true,,24254,151,20,20,https://www.easycalculation.com/unit-conversion/index.php,322,0,0
1784795552665,332,Easy Calculation - Currency,200,OK,Easy_Calculation 1-1,text,true,,19789,154,20,20,https://www.easycalculation.com/currency-converter/index.php,332,0,0
1784795552671,337,Easy Calculation - Charts And Tables,200,OK,Easy_Calculation 1-6,text,true,,31053,147,20,20,https://www.easycalculation.com/charts-and-tables.php,336,0,0
1784795552690,327,Easy Calculation - Formulas,200,OK,Easy_Calculation 1-19,text,true,,23703,144,20,20,https://www.easycalculation.com/formulas/index.php,326,0,0
1784795552706,319,Easy Calculation - Currency,200,OK,Easy_Calculation 1-15,text,true,,19789,154,20,20,https://www.easycalculation.com/currency-converter/index.php,319,0,0
1784795552715,318,Easy Calculation - Currency,200,OK,Easy_Calculation 1-16,text,true,,19789,154,20,20,https://www.easycalculation.com/currency-converter/index.php,318,0,0
1784795552730,310,Easy Calculation - Converters,200,OK,Easy_Calculation 1-12,text,true,,24254,151,20,20,https://www.easycalculation.com/unit-conversion/index.php,306,0,0
1784795552742,304,Easy Calculation - Formulas,200,OK,Easy_Calculation 1-5,text,true,,23703,144,20,20,https://www.easycalculation.com/formulas/index.php,302,0,0
1784795552845,370,Easy Calculation - Currency,200,OK,Easy_Calculation 1-14,text,true,,19789,154,20,20,https://www.easycalculation.com/currency-converter/index.php,370,0,0
1784795552902,342,Easy Calculation - Converters,200,OK,Easy_Calculation 1-7,text,true,,24254,151,20,20,https://www.easycalculation.com/unit-conversion/index.php,334,0,0
1784795552908,367,Easy Calculation - Calculators,200,OK,Easy_Calculation 1-8,text,true,,48202,135,20,20,https://www.easycalculation.com/index.php,338,0,0
1784795552904,381,Easy Calculation - Calculators,200,OK,Easy_Calculation 1-9,text,true,,48202,135,20,20,https://www.easycalculation.com/index.php,373,0,0
1784795552930,362,Easy Calculation - Converters,200,OK,Easy_Calculation 1-3,text,true,,24254,151,20,20,https://www.easycalculation.com/unit-conversion/index.php,361,0,0
1784795552951,377,Easy Calculation - Currency,200,OK,Easy_Calculation 1-18,text,true,,19789,154,20,20,https://www.easycalculation.com/currency-converter/index.php,377,0,0
1784795552936,392,Easy Calculation - Formulas,200,OK,Easy_Calculation 1-11,text,true,,23703,144,20,20,https://www.easycalculation.com/formulas/index.php,392,0,0
1784795552904,425,Easy Calculation - Charts And Tables,200,OK,Easy_Calculation 1-13,text,true,,31053,147,20,20,https://www.easycalculation.com/charts-and-tables.php,390,0,0
1784795552910,448,Easy Calculation - Formulas,200,OK,Easy_Calculation 1-17,text,true,,23703,144,20,20,https://www.easycalculation.com/formulas/index.php,419,0,0
1784795552933,425,Easy Calculation - Formulas,200,OK,Easy_Calculation 1-2,text,true,,23703,144,20,20,https://www.easycalculation.com/formulas/index.php,425,0,0
1784795552991,375,Easy Calculation - Formulas,200,OK,Easy_Calculation 1-4,text,true,,23703,144,20,20,https://www.easycalculation.com/formulas/index.php,375,0,0
1784795553017,352,Easy Calculation - Currency,200,OK,Easy_Calculation 1-19,text,true,,19789,154,20,20,https://www.easycalculation.com/currency-converter/index.php,352,0,0
1784795552997,374,Easy Calculation - Charts And Tables,200,OK,Easy_Calculation 1-1,text,true,,31053,147,20,20,https://www.easycalculation.com/charts-and-tables.php,372,0,0
1784795553008,389,Easy Calculation - Calculators,200,OK,Easy_Calculation 1-6,text,true,,48202,135,20,20,https://www.easycalculation.com/index.php,381,0,0
1784795553025,380,Easy Calculation - Charts And Tables,200,OK,Easy_Calculation 1-15,text,true,,31053,147,20,20,https://www.easycalculation.com/charts-and-tables.php,376,0,0
1784795553033,377,Easy Calculation - Charts And Tables,200,OK,Easy_Calculation 1-16,text,true,,31053,147,20,20,https://www.easycalculation.com/charts-and-tables.php,374,0,0
1784795553046,395,Easy Calculation - Currency,200,OK,Easy_Calculation 1-5,text,true,,19789,154,20,20,https://www.easycalculation.com/currency-converter/index.php,394,0,0
1784795553040,401,Easy Calculation - Formulas,200,OK,Easy_Calculation 1-12,text,true,,23703,144,20,20,https://www.easycalculation.com/formulas/index.php,401,0,0
1784795552490,960,Easy Calculation - Currency,200,OK,Easy_Calculation 1-10,text,true,,19789,154,20,20,https://www.easycalculation.com/currency-converter/index.php,960,0,0
1784795552547,906,Easy Calculation - Currency,200,OK,Easy_Calculation 1-20,text,true,,19789,154,20,20,https://www.easycalculation.com/currency-converter/index.php,906,0,0
1784795553216,341,Easy Calculation - Charts And Tables,200,OK,Easy_Calculation 1-14,text,true,,31053,147,20,20,https://www.easycalculation.com/charts-and-tables.php,339,0,0
1784795553244,317,Easy Calculation - Formulas,200,OK,Easy_Calculation 1-7,text,true,,23703,144,20,20,https://www.easycalculation.com/formulas/index.php,317,0,0
1784795553275,331,Easy Calculation - Converters,200,OK,Easy_Calculation 1-8,text,true,,24254,151,20,20,https://www.easycalculation.com/unit-conversion/index.php,330,0,0
1784795553285,361,Easy Calculation - Converters,200,OK,Easy_Calculation 1-9,text,true,,24254,151,20,20,https://www.easycalculation.com/unit-conversion/index.php,348,0,0
1784795553292,379,Easy Calculation - Formulas,200,OK,Easy_Calculation 1-3,text,true,,23703,144,20,20,https://www.easycalculation.com/formulas/index.php,363,0,0
1784795553328,359,Easy Calculation - Charts And Tables,200,OK,Easy_Calculation 1-18,text,true,,31053,147,20,20,https://www.easycalculation.com/charts-and-tables.php,358,0,0
1784795553328,359,Easy Calculation - Currency,200,OK,Easy_Calculation 1-11,text,true,,19789,154,20,20,https://www.easycalculation.com/currency-converter/index.php,358,0,0
1784795553329,437,Easy Calculation - Calculators,200,OK,Easy_Calculation 1-13,text,true,,48202,135,20,20,https://www.easycalculation.com/index.php,396,0,0
1784795553369,402,Easy Calculation - Charts And Tables,200,OK,Easy_Calculation 1-19,text,true,,31053,147,20,20,https://www.easycalculation.com/charts-and-tables.php,398,0,0
1784795553367,428,Easy Calculation - Currency,200,OK,Easy_Calculation 1-4,text,true,,19789,154,20,20,https://www.easycalculation.com/currency-converter/index.php,427,0,0
1784795553358,443,Easy Calculation - Currency,200,OK,Easy_Calculation 1-2,text,true,,19789,154,20,20,https://www.easycalculation.com/currency-converter/index.php,443,0,0
1784795553358,446,Easy Calculation - Currency,200,OK,Easy_Calculation 1-17,text,true,,19789,154,20,20,https://www.easycalculation.com/currency-converter/index.php,446,0,0
1784795553372,479,Easy Calculation - Calculators,200,OK,Easy_Calculation 1-1,text,true,,48202,135,20,20,https://www.easycalculation.com/index.php,438,0,0
1784795553405,470,Easy Calculation - Calculators,200,OK,Easy_Calculation 1-15,text,true,,48202,135,20,20,https://www.easycalculation.com/index.php,447,0,0
1784795553397,478,Easy Calculation - Converters,200,OK,Easy_Calculation 1-6,text,true,,24254,151,20,20,https://www.easycalculation.com/unit-conversion/index.php,478,0,0
1784795553441,452,Easy Calculation - Charts And Tables,200,OK,Easy_Calculation 1-5,text,true,,31053,147,20,20,https://www.easycalculation.com/charts-and-tables.php,451,0,0
1784795553441,479,Easy Calculation - Currency,200,OK,Easy_Calculation 1-12,text,true,,19789,154,20,20,https://www.easycalculation.com/currency-converter/index.php,476,0,0
1784795553453,474,Easy Calculation - Charts And Tables,200,OK,Easy_Calculation 1-20,text,true,,31053,147,20,20,https://www.easycalculation.com/charts-and-tables.php,469,0,0
1784795553450,484,Easy Calculation - Charts And Tables,200,OK,Easy_Calculation 1-10,text,true,,31053,147,20,20,https://www.easycalculation.com/charts-and-tables.php,481,0,0
1784795553606,347,Easy Calculation - Formulas,200,OK,Easy_Calculation 1-8,text,true,,23703,144,20,20,https://www.easycalculation.com/formulas/index.php,346,0,0
1784795553558,408,Easy Calculation - Calculators,200,OK,Easy_Calculation 1-14,text,true,,48202,135,20,20,https://www.easycalculation.com/index.php,399,0,0
1784795553561,410,Easy Calculation - Currency,200,OK,Easy_Calculation 1-7,text,true,,19789,154,20,20,https://www.easycalculation.com/currency-converter/index.php,410,0,0
1784795553647,347,Easy Calculation - Formulas,200,OK,Easy_Calculation 1-9,text,true,,23703,144,20,20,https://www.easycalculation.com/formulas/index.php,347,0,0
1784795553673,341,Easy Calculation - Currency,200,OK,Easy_Calculation 1-3,text,true,,19789,154,20,20,https://www.easycalculation.com/currency-converter/index.php,340,0,0
1784795553688,349,Easy Calculation - Calculators,200,OK,Easy_Calculation 1-18,text,true,,48202,135,20,20,https://www.easycalculation.com/index.php,325,0,0
1784795553688,356,Easy Calculation - Charts And Tables,200,OK,Easy_Calculation 1-11,text,true,,31053,147,20,20,https://www.easycalculation.com/charts-and-tables.php,352,0,0
1784795553767,614,Easy Calculation - Converters,200,OK,Easy_Calculation 1-13,text,true,,24254,151,20,20,https://www.easycalculation.com/unit-conversion/index.php,614,0,0
1784795553796,585,Easy Calculation - Charts And Tables,200,OK,Easy_Calculation 1-4,text,true,,31053,147,20,20,https://www.easycalculation.com/charts-and-tables.php,581,0,0
1784795553773,608,Easy Calculation - Calculators,200,OK,Easy_Calculation 1-19,text,true,,48202,135,20,20,https://www.easycalculation.com/index.php,574,0,0
1784795553805,640,Easy Calculation - Charts And Tables,200,OK,Easy_Calculation 1-17,text,true,,31053,147,20,20,https://www.easycalculation.com/charts-and-tables.php,631,0,0
1784795553876,569,Easy Calculation - Converters,200,OK,Easy_Calculation 1-15,text,true,,24254,151,20,20,https://www.easycalculation.com/unit-conversion/index.php,560,0,0
1784795553876,569,Easy Calculation - Formulas,200,OK,Easy_Calculation 1-6,text,true,,23703,144,20,20,https://www.easycalculation.com/formulas/index.php,569,0,0
1784795553852,594,Easy Calculation - Converters,200,OK,Easy_Calculation 1-1,text,true,,24254,151,20,20,https://www.easycalculation.com/unit-conversion/index.php,593,0,0
1784795553410,1035,Easy Calculation - Calculators,200,OK,Easy_Calculation 1-16,text,true,,48202,135,20,20,https://www.easycalculation.com/index.php,481,0,0
1784795553802,644,Easy Calculation - Charts And Tables,200,OK,Easy_Calculation 1-2,text,true,,31053,147,20,20,https://www.easycalculation.com/charts-and-tables.php,579,0,0
1784795553922,524,Easy Calculation - Charts And Tables,200,OK,Easy_Calculation 1-12,text,true,,31053,147,20,20,https://www.easycalculation.com/charts-and-tables.php,523,0,0
1784795553894,552,Easy Calculation - Calculators,200,OK,Easy_Calculation 1-5,text,true,,48202,135,20,20,https://www.easycalculation.com/index.php,551,0,0
1784795553928,518,Easy Calculation - Calculators,200,OK,Easy_Calculation 1-20,text,true,,48202,135,20,20,https://www.easycalculation.com/index.php,518,0,0
1784795553955,491,Easy Calculation - Currency,200,OK,Easy_Calculation 1-8,text,true,,19789,154,20,20,https://www.easycalculation.com/currency-converter/index.php,491,0,0
1784795553935,526,Easy Calculation - Calculators,200,OK,Easy_Calculation 1-10,text,true,,48202,135,20,20,https://www.easycalculation.com/index.php,511,0,0
1784795553972,489,Easy Calculation - Charts And Tables,200,OK,Easy_Calculation 1-7,text,true,,31053,147,20,20,https://www.easycalculation.com/charts-and-tables.php,489,0,0
1784795553994,467,Easy Calculation - Currency,200,OK,Easy_Calculation 1-9,text,true,,19789,154,20,20,https://www.easycalculation.com/currency-converter/index.php,467,0,0
1784795553968,502,Easy Calculation - Converters,200,OK,Easy_Calculation 1-14,text,true,,24254,151,20,20,https://www.easycalculation.com/unit-conversion/index.php,501,0,0
1784795554014,458,Easy Calculation - Charts And Tables,200,OK,Easy_Calculation 1-3,text,true,,31053,147,20,20,https://www.easycalculation.com/charts-and-tables.php,458,0,0
1784795554037,447,Easy Calculation - Converters,200,OK,Easy_Calculation 1-18,text,true,,24254,151,20,20,https://www.easycalculation.com/unit-conversion/index.php,436,0,0
1784795554044,457,Easy Calculation - Calculators,200,OK,Easy_Calculation 1-11,text,true,,48202,135,20,20,https://www.easycalculation.com/index.php,448,0,0
1784795554382,299,Easy Calculation - Converters,200,OK,Easy_Calculation 1-19,text,true,,24254,151,20,20,https://www.easycalculation.com/unit-conversion/index.php,299,0,0
1784795554382,321,Easy Calculation - Calculators,200,OK,Easy_Calculation 1-4,text,true,,48202,135,20,20,https://www.easycalculation.com/index.php,308,0,0
1784795554382,344,Easy Calculation - Formulas,200,OK,Easy_Calculation 1-13,text,true,,23703,144,20,20,https://www.easycalculation.com/formulas/index.php,328,0,0
1784795554446,319,Easy Calculation - Formulas,200,OK,Easy_Calculation 1-15,text,true,,23703,144,20,20,https://www.easycalculation.com/formulas/index.php,301,0,0
1784795554446,336,Easy Calculation - Calculators,200,OK,Easy_Calculation 1-12,text,true,,48202,135,20,20,https://www.easycalculation.com/index.php,329,0,0
1784795554446,341,Easy Calculation - Currency,200,OK,Easy_Calculation 1-6,text,true,,19789,154,20,20,https://www.easycalculation.com/currency-converter/index.php,341,0,0
1784795554446,365,Easy Calculation - Converters,200,OK,Easy_Calculation 1-16,text,true,,24254,151,20,20,https://www.easycalculation.com/unit-conversion/index.php,346,0,0
1784795554446,366,Easy Calculation - Converters,200,OK,Easy_Calculation 1-5,text,true,,24254,151,20,20,https://www.easycalculation.com/unit-conversion/index.php,366,0,0
1784795554446,372,Easy Calculation - Converters,200,OK,Easy_Calculation 1-20,text,true,,24254,151,20,20,https://www.easycalculation.com/unit-conversion/index.php,370,0,0
1784795554446,379,Easy Calculation - Formulas,200,OK,Easy_Calculation 1-1,text,true,,23703,144,20,20,https://www.easycalculation.com/formulas/index.php,376,0,0
1784795554446,387,Easy Calculation - Charts And Tables,200,OK,Easy_Calculation 1-8,text,true,,31053,147,20,20,https://www.easycalculation.com/charts-and-tables.php,386,0,0
1784795554446,402,Easy Calculation - Calculators,200,OK,Easy_Calculation 1-17,text,true,,48202,135,20,20,https://www.easycalculation.com/index.php,394,0,0
1784795554446,439,Easy Calculation - Calculators,200,OK,Easy_Calculation 1-2,text,true,,48202,135,20,20,https://www.easycalculation.com/index.php,421,0,0
1784795554472,413,Easy Calculation - Calculators,200,OK,Easy_Calculation 1-3,text,true,,48202,135,20,20,https://www.easycalculation.com/index.php,384,0,0
1784795554484,409,Easy Calculation - Formulas,200,OK,Easy_Calculation 1-18,text,true,,23703,144,20,20,https://www.easycalculation.com/formulas/index.php,408,0,0
1784795554461,451,Easy Calculation - Converters,200,OK,Easy_Calculation 1-10,text,true,,24254,151,20,20,https://www.easycalculation.com/unit-conversion/index.php,451,0,0
1784795554461,453,Easy Calculation - Charts And Tables,200,OK,Easy_Calculation 1-9,text,true,,31053,147,20,20,https://www.easycalculation.com/charts-and-tables.php,435,0,0
1784795554461,470,Easy Calculation - Calculators,200,OK,Easy_Calculation 1-7,text,true,,48202,135,20,20,https://www.easycalculation.com/index.php,451,0,0
1784795554501,440,Easy Calculation - Converters,200,OK,Easy_Calculation 1-11,text,true,,24254,151,20,20,https://www.easycalculation.com/unit-conversion/index.php,440,0,0
1784795554470,476,Easy Calculation - Formulas,200,OK,Easy_Calculation 1-14,text,true,,23703,144,20,20,https://www.easycalculation.com/formulas/index.php,473,0,0
1784795554682,319,Easy Calculation - Formulas,200,OK,Easy_Calculation 1-19,text,true,,23703,144,20,20,https://www.easycalculation.com/formulas/index.php,319,0,0
1784795554703,342,Easy Calculation - Converters,200,OK,Easy_Calculation 1-4,text,true,,24254,151,20,20,https://www.easycalculation.com/unit-conversion/index.php,341,0,0
1784795554726,333,Easy Calculation - Currency,200,OK,Easy_Calculation 1-13,text,true,,19789,154,20,20,https://www.easycalculation.com/currency-converter/index.php,333,0,0
1784795554765,312,Easy Calculation - Currency,200,OK,Easy_Calculation 1-15,text,true,,19789,154,20,20,https://www.easycalculation.com/currency-converter/index.php,312,0,0
1784795554787,360,Easy Calculation - Charts And Tables,200,OK,Easy_Calculation 1-6,text,true,,31053,147,20,20,https://www.easycalculation.com/charts-and-tables.php,340,0,0
1784795554812,349,Easy Calculation - Formulas,200,OK,Easy_Calculation 1-5,text,true,,23703,144,20,20,https://www.easycalculation.com/formulas/index.php,335,0,0
1784795554818,351,Easy Calculation - Formulas,200,OK,Easy_Calculation 1-20,text,true,,23703,144,20,20,https://www.easycalculation.com/formulas/index.php,349,0,0
1784795554811,365,Easy Calculation - Formulas,200,OK,Easy_Calculation 1-16,text,true,,23703,144,20,20,https://www.easycalculation.com/formulas/index.php,364,0,0
1784795554833,362,Easy Calculation - Calculators,200,OK,Easy_Calculation 1-8,text,true,,48202,135,20,20,https://www.easycalculation.com/index.php,349,0,0
1784795554825,387,Easy Calculation - Currency,200,OK,Easy_Calculation 1-1,text,true,,19789,154,20,20,https://www.easycalculation.com/currency-converter/index.php,386,0,0
1784795554885,335,Easy Calculation - Converters,200,OK,Easy_Calculation 1-3,text,true,,24254,151,20,20,https://www.easycalculation.com/unit-conversion/index.php,332,0,0
1784795554848,384,Easy Calculation - Converters,200,OK,Easy_Calculation 1-17,text,true,,24254,151,20,20,https://www.easycalculation.com/unit-conversion/index.php,379,0,0
1784795554893,377,Easy Calculation - Currency,200,OK,Easy_Calculation 1-18,text,true,,19789,154,20,20,https://www.easycalculation.com/currency-converter/index.php,373,0,0
1784795554885,398,Easy Calculation - Converters,200,OK,Easy_Calculation 1-2,text,true,,24254,151,20,20,https://www.easycalculation.com/unit-conversion/index.php,392,0,0
1784795554912,388,Easy Calculation - Formulas,200,OK,Easy_Calculation 1-10,text,true,,23703,144,20,20,https://www.easycalculation.com/formulas/index.php,384,0,0
1784795554914,448,Easy Calculation - Calculators,200,OK,Easy_Calculation 1-9,text,true,,48202,135,20,20,https://www.easycalculation.com/index.php,400,0,0
1784795554931,455,Easy Calculation - Converters,200,OK,Easy_Calculation 1-7,text,true,,24254,151,20,20,https://www.easycalculation.com/unit-conversion/index.php,455,0,0
1784795554942,444,Easy Calculation - Formulas,200,OK,Easy_Calculation 1-11,text,true,,23703,144,20,20,https://www.easycalculation.com/formulas/index.php,444,0,0
1784795554946,456,Easy Calculation - Currency,200,OK,Easy_Calculation 1-14,text,true,,19789,154,20,20,https://www.easycalculation.com/currency-converter/index.php,450,0,0
1784795555001,423,Easy Calculation - Currency,200,OK,Easy_Calculation 1-19,text,true,,19789,154,20,20,https://www.easycalculation.com/currency-converter/index.php,422,0,0
1784795555077,365,Easy Calculation - Charts And Tables,200,OK,Easy_Calculation 1-15,text,true,,31053,147,20,20,https://www.easycalculation.com/charts-and-tables.php,356,0,0
1784795555045,406,Easy Calculation - Formulas,200,OK,Easy_Calculation 1-4,text,true,,23703,144,20,20,https://www.easycalculation.com/formulas/index.php,402,0,0
1784795555060,405,Easy Calculation - Charts And Tables,200,OK,Easy_Calculation 1-13,text,true,,31053,147,20,20,https://www.easycalculation.com/charts-and-tables.php,405,0,0
1784795555161,306,Easy Calculation - Currency,200,OK,Easy_Calculation 1-5,text,true,,19789,154,20,20,https://www.easycalculation.com/currency-converter/index.php,306,0,0
1784795555147,333,Easy Calculation - Calculators,200,OK,Easy_Calculation 1-6,text,true,,48202,135,20,20,https://www.easycalculation.com/index.php,325,0,0
1784795555170,312,Easy Calculation - Currency,200,OK,Easy_Calculation 1-20,text,true,,19789,154,20,20,https://www.easycalculation.com/currency-converter/index.php,312,0,0
1784795555177,321,Easy Calculation - Currency,200,OK,Easy_Calculation 1-16,text,true,,19789,154,20,20,https://www.easycalculation.com/currency-converter/index.php,321,0,0
1784795555196,351,Easy Calculation - Converters,200,OK,Easy_Calculation 1-8,text,true,,24254,151,20,20,https://www.easycalculation.com/unit-conversion/index.php,340,0,0
1784795555220,329,Easy Calculation - Formulas,200,OK,Easy_Calculation 1-3,text,true,,23703,144,20,20,https://www.easycalculation.com/formulas/index.php,329,0,0
1784795555212,359,Easy Calculation - Charts And Tables,200,OK,Easy_Calculation 1-1,text,true,,31053,147,20,20,https://www.easycalculation.com/charts-and-tables.php,340,0,0
1784795555232,341,Easy Calculation - Formulas,200,OK,Easy_Calculation 1-17,text,true,,23703,144,20,20,https://www.easycalculation.com/formulas/index.php,340,0,0
1784795555270,346,Easy Calculation - Charts And Tables,200,OK,Easy_Calculation 1-18,text,true,,31053,147,20,20,https://www.easycalculation.com/charts-and-tables.php,336,0,0
1784795555283,358,Easy Calculation - Formulas,200,OK,Easy_Calculation 1-2,text,true,,23703,144,20,20,https://www.easycalculation.com/formulas/index.php,353,0,0
1784795555362,320,Easy Calculation - Converters,200,OK,Easy_Calculation 1-9,text,true,,24254,151,20,20,https://www.easycalculation.com/unit-conversion/index.php,316,0,0
1784795555386,324,Easy Calculation - Currency,200,OK,Easy_Calculation 1-11,text,true,,19789,154,20,20,https://www.easycalculation.com/currency-converter/index.php,322,0,0
1784795555386,352,Easy Calculation - Formulas,200,OK,Easy_Calculation 1-7,text,true,,23703,144,20,20,https://www.easycalculation.com/formulas/index.php,351,0,0
1784795555424,322,Easy Calculation - Charts And Tables,200,OK,Easy_Calculation 1-19,text,true,,31053,147,20,20,https://www.easycalculation.com/charts-and-tables.php,319,0,0
1784795555403,368,Easy Calculation - Charts And Tables,200,OK,Easy_Calculation 1-14,text,true,,31053,147,20,20,https://www.easycalculation.com/charts-and-tables.php,362,0,0
1784795555442,361,Easy Calculation - Calculators,200,OK,Easy_Calculation 1-15,text,true,,48202,135,20,20,https://www.easycalculation.com/index.php,329,0,0
1784795555452,351,Easy Calculation - Currency,200,OK,Easy_Calculation 1-4,text,true,,19789,154,20,20,https://www.easycalculation.com/currency-converter/index.php,351,0,0
1784795555467,344,Easy Calculation - Charts And Tables,200,OK,Easy_Calculation 1-5,text,true,,31053,147,20,20,https://www.easycalculation.com/charts-and-tables.php,338,0,0
1784795555466,360,Easy Calculation - Calculators,200,OK,Easy_Calculation 1-13,text,true,,48202,135,20,20,https://www.easycalculation.com/index.php,350,0,0
1784795555480,352,Easy Calculation - Converters,200,OK,Easy_Calculation 1-6,text,true,,24254,151,20,20,https://www.easycalculation.com/unit-conversion/index.php,347,0,0
1784795555482,361,Easy Calculation - Charts And Tables,200,OK,Easy_Calculation 1-20,text,true,,31053,147,20,20,https://www.easycalculation.com/charts-and-tables.php,354,0,0
1784795554782,1070,Easy Calculation - Converters,200,OK,Easy_Calculation 1-12,text,true,,24254,151,20,20,https://www.easycalculation.com/unit-conversion/index.php,1068,0,0
1784795555498,379,Easy Calculation - Charts And Tables,200,OK,Easy_Calculation 1-16,text,true,,31053,147,20,20,https://www.easycalculation.com/charts-and-tables.php,360,0,0
1784795555549,337,Easy Calculation - Currency,200,OK,Easy_Calculation 1-3,text,true,,19789,154,20,20,https://www.easycalculation.com/currency-converter/index.php,335,0,0
1784795555547,340,Easy Calculation - Formulas,200,OK,Easy_Calculation 1-8,text,true,,23703,144,20,20,https://www.easycalculation.com/formulas/index.php,339,0,0
1784795555571,332,Easy Calculation - Calculators,200,OK,Easy_Calculation 1-1,text,true,,48202,135,20,20,https://www.easycalculation.com/index.php,321,0,0
1784795555573,335,Easy Calculation - Currency,200,OK,Easy_Calculation 1-17,text,true,,19789,154,20,20,https://www.easycalculation.com/currency-converter/index.php,334,0,0
1784795555616,330,Easy Calculation - Calculators,200,OK,Easy_Calculation 1-18,text,true,,48202,135,20,20,https://www.easycalculation.com/index.php,325,0,0
1784795555642,345,Easy Calculation - Currency,200,OK,Easy_Calculation 1-2,text,true,,19789,154,20,20,https://www.easycalculation.com/currency-converter/index.php,345,0,0
1784795555682,350,Easy Calculation - Formulas,200,OK,Easy_Calculation 1-9,text,true,,23703,144,20,20,https://www.easycalculation.com/formulas/index.php,346,0,0
1784795555710,336,Easy Calculation - Charts And Tables,200,OK,Easy_Calculation 1-11,text,true,,31053,147,20,20,https://www.easycalculation.com/charts-and-tables.php,327,0,0
1784795555739,328,Easy Calculation - Currency,200,OK,Easy_Calculation 1-7,text,true,,19789,154,20,20,https://www.easycalculation.com/currency-converter/index.php,328,0,0
1784795555746,336,Easy Calculation - Calculators,200,OK,Easy_Calculation 1-19,text,true,,48202,135,20,20,https://www.easycalculation.com/index.php,335,0,0
1784795555771,373,Easy Calculation - Calculators,200,OK,Easy_Calculation 1-14,text,true,,48202,135,20,20,https://www.easycalculation.com/index.php,341,0,0
1784795555803,343,Easy Calculation - Converters,200,OK,Easy_Calculation 1-15,text,true,,24254,151,20,20,https://www.easycalculation.com/unit-conversion/index.php,343,0,0
1784795555803,359,Easy Calculation - Charts And Tables,200,OK,Easy_Calculation 1-4,text,true,,31053,147,20,20,https://www.easycalculation.com/charts-and-tables.php,348,0,0
1784795555811,407,Easy Calculation - Calculators,200,OK,Easy_Calculation 1-5,text,true,,48202,135,20,20,https://www.easycalculation.com/index.php,376,0,0
1784795555843,419,Easy Calculation - Calculators,200,OK,Easy_Calculation 1-20,text,true,,48202,135,20,20,https://www.easycalculation.com/index.php,389,0,0
1784795555852,436,Easy Calculation - Formulas,200,OK,Easy_Calculation 1-12,text,true,,23703,144,20,20,https://www.easycalculation.com/formulas/index.php,436,0,0
1784795555832,465,Easy Calculation - Formulas,200,OK,Easy_Calculation 1-6,text,true,,23703,144,20,20,https://www.easycalculation.com/formulas/index.php,464,0,0
1784795555826,476,Easy Calculation - Converters,200,OK,Easy_Calculation 1-13,text,true,,24254,151,20,20,https://www.easycalculation.com/unit-conversion/index.php,476,0,0
1784795555886,461,Easy Calculation - Charts And Tables,200,OK,Easy_Calculation 1-3,text,true,,31053,147,20,20,https://www.easycalculation.com/charts-and-tables.php,460,0,0
1784795555887,500,Easy Calculation - Currency,200,OK,Easy_Calculation 1-8,text,true,,19789,154,20,20,https://www.easycalculation.com/currency-converter/index.php,500,0,0
1784795555903,507,Easy Calculation - Converters,200,OK,Easy_Calculation 1-1,text,true,,24254,151,20,20,https://www.easycalculation.com/unit-conversion/index.php,507,0,0
1784795555908,512,Easy Calculation - Charts And Tables,200,OK,Easy_Calculation 1-17,text,true,,31053,147,20,20,https://www.easycalculation.com/charts-and-tables.php,508,0,0
1784795555300,1126,Easy Calculation - Currency,200,OK,Easy_Calculation 1-10,text,true,,19789,154,20,20,https://www.easycalculation.com/currency-converter/index.php,1124,0,0
1784795555987,480,Easy Calculation - Charts And Tables,200,OK,Easy_Calculation 1-2,text,true,,31053,147,20,20,https://www.easycalculation.com/charts-and-tables.php,460,0,0
1784795556032,435,Easy Calculation - Currency,200,OK,Easy_Calculation 1-9,text,true,,19789,154,20,20,https://www.easycalculation.com/currency-converter/index.php,435,0,0
1784795556046,451,Easy Calculation - Calculators,200,OK,Easy_Calculation 1-11,text,true,,48202,135,20,20,https://www.easycalculation.com/index.php,421,0,0
1784795556082,420,Easy Calculation - Converters,200,OK,Easy_Calculation 1-19,text,true,,24254,151,20,20,https://www.easycalculation.com/unit-conversion/index.php,418,0,0
1784795556067,456,Easy Calculation - Charts And Tables,200,OK,Easy_Calculation 1-7,text,true,,31053,147,20,20,https://www.easycalculation.com/charts-and-tables.php,449,0,0
1784795556146,390,Easy Calculation - Formulas,200,OK,Easy_Calculation 1-15,text,true,,23703,144,20,20,https://www.easycalculation.com/formulas/index.php,385,0,0
1784795556162,402,Easy Calculation - Calculators,200,OK,Easy_Calculation 1-4,text,true,,48202,135,20,20,https://www.easycalculation.com/index.php,383,0,0
1784795556144,442,Easy Calculation - Converters,200,OK,Easy_Calculation 1-14,text,true,,24254,151,20,20,https://www.easycalculation.com/unit-conversion/index.php,440,0,0
1784795556218,368,Easy Calculation - Converters,200,OK,Easy_Calculation 1-5,text,true,,24254,151,20,20,https://www.easycalculation.com/unit-conversion/index.php,368,0,0
1784795556263,335,Easy Calculation - Converters,200,OK,Easy_Calculation 1-20,text,true,,24254,151,20,20,https://www.easycalculation.com/unit-conversion/index.php,333,0,0
1784795556289,319,Easy Calculation - Currency,200,OK,Easy_Calculation 1-12,text,true,,19789,154,20,20,https://www.easycalculation.com/currency-converter/index.php,317,0,0
1784795556297,319,Easy Calculation - Currency,200,OK,Easy_Calculation 1-6,text,true,,19789,154,20,20,https://www.easycalculation.com/currency-converter/index.php,318,0,0
1784795555877,743,Easy Calculation - Calculators,200,OK,Easy_Calculation 1-16,text,true,,48202,135,20,20,https://www.easycalculation.com/index.php,430,0,0
1784795556303,338,Easy Calculation - Formulas,200,OK,Easy_Calculation 1-13,text,true,,23703,144,20,20,https://www.easycalculation.com/formulas/index.php,331,0,0
1784795556347,318,Easy Calculation - Calculators,200,OK,Easy_Calculation 1-3,text,true,,48202,135,20,20,https://www.easycalculation.com/index.php,310,0,0
1784795556387,325,Easy Calculation - Charts And Tables,200,OK,Easy_Calculation 1-8,text,true,,31053,147,20,20,https://www.easycalculation.com/charts-and-tables.php,316,0,0
1784795556410,331,Easy Calculation - Formulas,200,OK,Easy_Calculation 1-1,text,true,,23703,144,20,20,https://www.easycalculation.com/formulas/index.php,322,0,0
1784795556420,344,Easy Calculation - Calculators,200,OK,Easy_Calculation 1-17,text,true,,48202,135,20,20,https://www.easycalculation.com/index.php,337,0,0
1784795556426,351,Easy Calculation - Charts And Tables,200,OK,Easy_Calculation 1-10,text,true,,31053,147,20,20,https://www.easycalculation.com/charts-and-tables.php,351,0,0
1784795556467,328,Easy Calculation - Charts And Tables,200,OK,Easy_Calculation 1-9,text,true,,31053,147,20,20,https://www.easycalculation.com/charts-and-tables.php,322,0,0
1784795556467,356,Easy Calculation - Calculators,200,OK,Easy_Calculation 1-2,text,true,,48202,135,20,20,https://www.easycalculation.com/index.php,341,0,0
1784795555946,897,Easy Calculation - Converters,200,OK,Easy_Calculation 1-18,text,true,,24254,151,20,20,https://www.easycalculation.com/unit-conversion/index.php,896,0,0
1784795556497,372,Easy Calculation - Converters,200,OK,Easy_Calculation 1-11,text,true,,24254,151,20,20,https://www.easycalculation.com/unit-conversion/index.php,349,0,0
1784795556503,385,Easy Calculation - Formulas,200,OK,Easy_Calculation 1-19,text,true,,23703,144,20,20,https://www.easycalculation.com/formulas/index.php,376,0,0
1784795556524,372,Easy Calculation - Calculators,200,OK,Easy_Calculation 1-7,text,true,,48202,135,20,20,https://www.easycalculation.com/index.php,368,0,0
1784795556536,366,Easy Calculation - Currency,200,OK,Easy_Calculation 1-15,text,true,,19789,154,20,20,https://www.easycalculation.com/currency-converter/index.php,366,0,0
1784795556565,343,Easy Calculation - Converters,200,OK,Easy_Calculation 1-4,text,true,,24254,151,20,20,https://www.easycalculation.com/unit-conversion/index.php,343,0,0
1784795556586,335,Easy Calculation - Formulas,200,OK,Easy_Calculation 1-5,text,true,,23703,144,20,20,https://www.easycalculation.com/formulas/index.php,332,0,0
1784795556598,329,Easy Calculation - Formulas,200,OK,Easy_Calculation 1-20,text,true,,23703,144,20,20,https://www.easycalculation.com/formulas/index.php,327,0,0
1784795556608,337,Easy Calculation - Charts And Tables,200,OK,Easy_Calculation 1-12,text,true,,31053,147,20,20,https://www.easycalculation.com/charts-and-tables.php,323,0,0
1784795556586,361,Easy Calculation - Formulas,200,OK,Easy_Calculation 1-14,text,true,,23703,144,20,20,https://www.easycalculation.com/formulas/index.php,361,0,0
1784795556616,336,Easy Calculation - Charts And Tables,200,OK,Easy_Calculation 1-6,text,true,,31053,147,20,20,https://www.easycalculation.com/charts-and-tables.php,333,0,0
1784795556620,346,Easy Calculation - Converters,200,OK,Easy_Calculation 1-16,text,true,,24254,151,20,20,https://www.easycalculation.com/unit-conversion/index.php,333,0,0
1784795556665,307,Easy Calculation - Converters,200,OK,Easy_Calculation 1-3,text,true,,24254,151,20,20,https://www.easycalculation.com/unit-conversion/index.php,307,0,0
1784795556641,332,Easy Calculation - Currency,200,OK,Easy_Calculation 1-13,text,true,,19789,154,20,20,https://www.easycalculation.com/currency-converter/index.php,332,0,0
1784795556712,309,Easy Calculation - Calculators,200,OK,Easy_Calculation 1-8,text,true,,48202,135,20,20,https://www.easycalculation.com/index.php,302,0,0
1784795556741,325,Easy Calculation - Currency,200,OK,Easy_Calculation 1-1,text,true,,19789,154,20,20,https://www.easycalculation.com/currency-converter/index.php,321,0,0
1784795556764,335,Easy Calculation - Converters,200,OK,Easy_Calculation 1-17,text,true,,24254,151,20,20,https://www.easycalculation.com/unit-conversion/index.php,335,0,0
1784795556777,349,Easy Calculation - Calculators,200,OK,Easy_Calculation 1-10,text,true,,48202,135,20,20,https://www.easycalculation.com/index.php,339,0,0
1784795556795,337,Easy Calculation - Calculators,200,OK,Easy_Calculation 1-9,text,true,,48202,135,20,20,https://www.easycalculation.com/index.php,332,0,0
1784795556843,302,Easy Calculation - Formulas,200,OK,Easy_Calculation 1-18,text,true,,23703,144,20,20,https://www.easycalculation.com/formulas/index.php,297,0,0
1784795556823,332,Easy Calculation - Converters,200,OK,Easy_Calculation 1-2,text,true,,24254,151,20,20,https://www.easycalculation.com/unit-conversion/index.php,327,0,0
1784795556869,324,Easy Calculation - Formulas,200,OK,Easy_Calculation 1-11,text,true,,23703,144,20,20,https://www.easycalculation.com/formulas/index.php,318,0,0
1784795556888,312,Easy Calculation - Currency,200,OK,Easy_Calculation 1-19,text,true,,19789,154,20,20,https://www.easycalculation.com/currency-converter/index.php,310,0,0
1784795556903,308,Easy Calculation - Charts And Tables,200,OK,Easy_Calculation 1-15,text,true,,31053,147,20,20,https://www.easycalculation.com/charts-and-tables.php,304,0,0
1784795556896,334,Easy Calculation - Converters,200,OK,Easy_Calculation 1-7,text,true,,24254,151,20,20,https://www.easycalculation.com/unit-conversion/index.php,334,0,0
1784795556908,336,Easy Calculation - Formulas,200,OK,Easy_Calculation 1-4,text,true,,23703,144,20,20,https://www.easycalculation.com/formulas/index.php,336,0,0
1784795556921,324,Easy Calculation - Currency,200,OK,Easy_Calculation 1-5,text,true,,19789,154,20,20,https://www.easycalculation.com/currency-converter/index.php,323,0,0
1784795556927,336,Easy Calculation - Currency,200,OK,Easy_Calculation 1-20,text,true,,19789,154,20,20,https://www.easycalculation.com/currency-converter/index.php,336,0,0
1784795556945,334,Easy Calculation - Calculators,200,OK,Easy_Calculation 1-12,text,true,,48202,135,20,20,https://www.easycalculation.com/index.php,319,0,0
1784795556952,350,Easy Calculation - Calculators,200,OK,Easy_Calculation 1-6,text,true,,48202,135,20,20,https://www.easycalculation.com/index.php,340,0,0
1784795556966,341,Easy Calculation - Formulas,200,OK,Easy_Calculation 1-16,text,true,,23703,144,20,20,https://www.easycalculation.com/formulas/index.php,340,0,0
1784795556972,345,Easy Calculation - Formulas,200,OK,Easy_Calculation 1-3,text,true,,23703,144,20,20,https://www.easycalculation.com/formulas/index.php,340,0,0
1784795556947,389,Easy Calculation - Currency,200,OK,Easy_Calculation 1-14,text,true,,19789,154,20,20,https://www.easycalculation.com/currency-converter/index.php,389,0,0
1784795556973,369,Easy Calculation - Charts And Tables,200,OK,Easy_Calculation 1-13,text,true,,31053,147,20,20,https://www.easycalculation.com/charts-and-tables.php,368,0,0
1784795557022,326,Easy Calculation - Converters,200,OK,Easy_Calculation 1-8,text,true,,24254,151,20,20,https://www.easycalculation.com/unit-conversion/index.php,325,0,0
1784795557067,339,Easy Calculation - Charts And Tables,200,OK,Easy_Calculation 1-1,text,true,,31053,147,20,20,https://www.easycalculation.com/charts-and-tables.php,319,0,0
1784795557100,337,Easy Calculation - Formulas,200,OK,Easy_Calculation 1-17,text,true,,23703,144,20,20,https://www.easycalculation.com/formulas/index.php,337,0,0
1784795557126,325,Easy Calculation - Converters,200,OK,Easy_Calculation 1-10,text,true,,24254,151,20,20,https://www.easycalculation.com/unit-conversion/index.php,325,0,0
1784795557132,328,Easy Calculation - Converters,200,OK,Easy_Calculation 1-9,text,true,,24254,151,20,20,https://www.easycalculation.com/unit-conversion/index.php,323,0,0
1784795557145,322,Easy Calculation - Currency,200,OK,Easy_Calculation 1-18,text,true,,19789,154,20,20,https://www.easycalculation.com/currency-converter/index.php,321,0,0
1784795557155,343,Easy Calculation - Formulas,200,OK,Easy_Calculation 1-2,text,true,,23703,144,20,20,https://www.easycalculation.com/formulas/index.php,343,0,0
1784795557200,319,Easy Calculation - Charts And Tables,200,OK,Easy_Calculation 1-19,text,true,,31053,147,20,20,https://www.easycalculation.com/charts-and-tables.php,318,0,0
1784795557211,326,Easy Calculation - Calculators,200,OK,Easy_Calculation 1-15,text,true,,48202,135,20,20,https://www.easycalculation.com/index.php,308,0,0
1784795557193,344,Easy Calculation - Currency,200,OK,Easy_Calculation 1-11,text,true,,19789,154,20,20,https://www.easycalculation.com/currency-converter/index.php,344,0,0
1784795557245,303,Easy Calculation - Charts And Tables,200,OK,Easy_Calculation 1-5,text,true,,31053,147,20,20,https://www.easycalculation.com/charts-and-tables.php,303,0,0
1784795557230,339,Easy Calculation - Formulas,200,OK,Easy_Calculation 1-7,text,true,,23703,144,20,20,https://www.easycalculation.com/formulas/index.php,339,0,0
1784795557244,325,Easy Calculation - Currency,200,OK,Easy_Calculation 1-4,text,true,,19789,154,20,20,https://www.easycalculation.com/currency-converter/index.php,325,0,0
1784795557263,333,Easy Calculation - Charts And Tables,200,OK,Easy_Calculation 1-20,text,true,,31053,147,20,20,https://www.easycalculation.com/charts-and-tables.php,319,0,0
1784795557279,336,Easy Calculation - Converters,200,OK,Easy_Calculation 1-12,text,true,,24254,151,20,20,https://www.easycalculation.com/unit-conversion/index.php,333,0,0
1784795557303,323,Easy Calculation - Converters,200,OK,Easy_Calculation 1-6,text,true,,24254,151,20,20,https://www.easycalculation.com/unit-conversion/index.php,319,0,0
1784795557307,355,Easy Calculation - Currency,200,OK,Easy_Calculation 1-16,text,true,,19789,154,20,20,https://www.easycalculation.com/currency-converter/index.php,355,0,0
1784795557317,350,Easy Calculation - Currency,200,OK,Easy_Calculation 1-3,text,true,,19789,154,20,20,https://www.easycalculation.com/currency-converter/index.php,350,0,0
1784795557348,343,Easy Calculation - Formulas,200,OK,Easy_Calculation 1-8,text,true,,23703,144,20,20,https://www.easycalculation.com/formulas/index.php,339,0,0
1784795557336,366,Easy Calculation - Charts And Tables,200,OK,Easy_Calculation 1-14,text,true,,31053,147,20,20,https://www.easycalculation.com/charts-and-tables.php,362,0,0
1784795557343,412,Easy Calculation - Calculators,200,OK,Easy_Calculation 1-13,text,true,,48202,135,20,20,https://www.easycalculation.com/index.php,363,0,0
1784795557406,363,Easy Calculation - Calculators,200,OK,Easy_Calculation 1-1,text,true,,48202,135,20,20,https://www.easycalculation.com/index.php,349,0,0
1784795557452,347,Easy Calculation - Formulas,200,OK,Easy_Calculation 1-10,text,true,,23703,144,20,20,https://www.easycalculation.com/formulas/index.php,341,0,0
1784795557467,340,Easy Calculation - Charts And Tables,200,OK,Easy_Calculation 1-18,text,true,,31053,147,20,20,https://www.easycalculation.com/charts-and-tables.php,337,0,0
1784795557437,379,Easy Calculation - Currency,200,OK,Easy_Calculation 1-17,text,true,,19789,154,20,20,https://www.easycalculation.com/currency-converter/index.php,377,0,0
1784795557460,362,Easy Calculation - Formulas,200,OK,Easy_Calculation 1-9,text,true,,23703,144,20,20,https://www.easycalculation.com/formulas/index.php,361,0,0
1784795557519,341,Easy Calculation - Calculators,200,OK,Easy_Calculation 1-19,text,true,,48202,135,20,20,https://www.easycalculation.com/index.php,309,0,0
1784795557498,369,Easy Calculation - Currency,200,OK,Easy_Calculation 1-2,text,true,,19789,154,20,20,https://www.easycalculation.com/currency-converter/index.php,366,0,0
1784795557537,335,Easy Calculation - Converters,200,OK,Easy_Calculation 1-15,text,true,,24254,151,20,20,https://www.easycalculation.com/unit-conversion/index.php,335,0,0
1784795557537,362,Easy Calculation - Charts And Tables,200,OK,Easy_Calculation 1-11,text,true,,31053,147,20,20,https://www.easycalculation.com/charts-and-tables.php,361,0,0
1784795557548,375,Easy Calculation - Calculators,200,OK,Easy_Calculation 1-5,text,true,,48202,135,20,20,https://www.easycalculation.com/index.php,355,0,0
1784795557569,397,Easy Calculation - Currency,200,OK,Easy_Calculation 1-7,text,true,,19789,154,20,20,https://www.easycalculation.com/currency-converter/index.php,382,0,0
1784795557569,418,Easy Calculation - Charts And Tables,200,OK,Easy_Calculation 1-4,text,true,,31053,147,20,20,https://www.easycalculation.com/charts-and-tables.php,412,0,0
1784795557596,404,Easy Calculation - Calculators,200,OK,Easy_Calculation 1-20,text,true,,48202,135,20,20,https://www.easycalculation.com/index.php,398,0,0
1784795557615,393,Easy Calculation - Formulas,200,OK,Easy_Calculation 1-12,text,true,,23703,144,20,20,https://www.easycalculation.com/formulas/index.php,391,0,0
1784795557626,392,Easy Calculation - Formulas,200,OK,Easy_Calculation 1-6,text,true,,23703,144,20,20,https://www.easycalculation.com/formulas/index.php,389,0,0
1784795557663,361,Easy Calculation - Charts And Tables,200,OK,Easy_Calculation 1-16,text,true,,31053,147,20,20,https://www.easycalculation.com/charts-and-tables.php,360,0,0
1784795557668,363,Easy Calculation - Charts And Tables,200,OK,Easy_Calculation 1-3,text,true,,31053,147,20,20,https://www.easycalculation.com/charts-and-tables.php,359,0,0
1784795557691,346,Easy Calculation - Currency,200,OK,Easy_Calculation 1-8,text,true,,19789,154,20,20,https://www.easycalculation.com/currency-converter/index.php,345,0,0
1784795557702,365,Easy Calculation - Calculators,200,OK,Easy_Calculation 1-14,text,true,,48202,135,20,20,https://www.easycalculation.com/index.php,341,0,0
1784795557755,333,Easy Calculation - Converters,200,OK,Easy_Calculation 1-13,text,true,,24254,151,20,20,https://www.easycalculation.com/unit-conversion/index.php,332,0,0
1784795557769,337,Easy Calculation - Converters,200,OK,Easy_Calculation 1-1,text,true,,24254,151,20,20,https://www.easycalculation.com/unit-conversion/index.php,333,0,0
1784795557807,335,Easy Calculation - Calculators,200,OK,Easy_Calculation 1-18,text,true,,48202,135,20,20,https://www.easycalculation.com/index.php,326,0,0
1784795557799,345,Easy Calculation - Currency,200,OK,Easy_Calculation 1-10,text,true,,19789,154,20,20,https://www.easycalculation.com/currency-converter/index.php,345,0,0
1784795557822,325,Easy Calculation - Currency,200,OK,Easy_Calculation 1-9,text,true,,19789,154,20,20,https://www.easycalculation.com/currency-converter/index.php,325,0,0
1784795557816,337,Easy Calculation - Charts And Tables,200,OK,Easy_Calculation 1-17,text,true,,31053,147,20,20,https://www.easycalculation.com/charts-and-tables.php,336,0,0
1784795557860,300,Easy Calculation - Converters,200,OK,Easy_Calculation 1-19,text,true,,24254,151,20,20,https://www.easycalculation.com/unit-conversion/index.php,297,0,0
1784795557867,349,Easy Calculation - Charts And Tables,200,OK,Easy_Calculation 1-2,text,true,,31053,147,20,20,https://www.easycalculation.com/charts-and-tables.php,348,0,0
1784795557899,334,Easy Calculation - Calculators,200,OK,Easy_Calculation 1-11,text,true,,48202,135,20,20,https://www.easycalculation.com/index.php,324,0,0
1784795557923,314,Easy Calculation - Converters,200,OK,Easy_Calculation 1-5,text,true,,24254,151,20,20,https://www.easycalculation.com/unit-conversion/index.php,313,0,0
1784795557967,345,Easy Calculation - Charts And Tables,200,OK,Easy_Calculation 1-7,text,true,,31053,147,20,20,https://www.easycalculation.com/charts-and-tables.php,340,0,0
1784795557987,336,Easy Calculation - Calculators,200,OK,Easy_Calculation 1-4,text,true,,48202,135,20,20,https://www.easycalculation.com/index.php,326,0,0
1784795558000,341,Easy Calculation - Converters,200,OK,Easy_Calculation 1-20,text,true,,24254,151,20,20,https://www.easycalculation.com/unit-conversion/index.php,337,0,0
1784795558008,343,Easy Calculation - Currency,200,OK,Easy_Calculation 1-12,text,true,,19789,154,20,20,https://www.easycalculation.com/currency-converter/index.php,340,0,0
1784795558018,350,Easy Calculation - Currency,200,OK,Easy_Calculation 1-6,text,true,,19789,154,20,20,https://www.easycalculation.com/currency-converter/index.php,350,0,0
1784795558031,362,Easy Calculation - Calculators,200,OK,Easy_Calculation 1-3,text,true,,48202,135,20,20,https://www.easycalculation.com/index.php,341,0,0
1784795558037,381,Easy Calculation - Charts And Tables,200,OK,Easy_Calculation 1-8,text,true,,31053,147,20,20,https://www.easycalculation.com/charts-and-tables.php,376,0,0
1784795558067,365,Easy Calculation - Converters,200,OK,Easy_Calculation 1-14,text,true,,24254,151,20,20,https://www.easycalculation.com/unit-conversion/index.php,357,0,0
1784795558088,359,Easy Calculation - Formulas,200,OK,Easy_Calculation 1-13,text,true,,23703,144,20,20,https://www.easycalculation.com/formulas/index.php,348,0,0
1784795558106,351,Easy Calculation - Formulas,200,OK,Easy_Calculation 1-1,text,true,,23703,144,20,20,https://www.easycalculation.com/formulas/index.php,351,0,0
1784795558142,332,Easy Calculation - Converters,200,OK,Easy_Calculation 1-18,text,true,,24254,151,20,20,https://www.easycalculation.com/unit-conversion/index.php,329,0,0
1784795558161,327,Easy Calculation - Formulas,200,OK,Easy_Calculation 1-19,text,true,,23703,144,20,20,https://www.easycalculation.com/formulas/index.php,324,0,0
1784795558144,366,Easy Calculation - Charts And Tables,200,OK,Easy_Calculation 1-10,text,true,,31053,147,20,20,https://www.easycalculation.com/charts-and-tables.php,357,0,0
1784795558147,376,Easy Calculation - Charts And Tables,200,OK,Easy_Calculation 1-9,text,true,,31053,147,20,20,https://www.easycalculation.com/charts-and-tables.php,369,0,0
1784795558153,394,Easy Calculation - Calculators,200,OK,Easy_Calculation 1-17,text,true,,48202,135,20,20,https://www.easycalculation.com/index.php,375,0,0
1784795558237,314,Easy Calculation - Formulas,200,OK,Easy_Calculation 1-5,text,true,,23703,144,20,20,https://www.easycalculation.com/formulas/index.php,314,0,0
1784795558233,324,Easy Calculation - Converters,200,OK,Easy_Calculation 1-11,text,true,,24254,151,20,20,https://www.easycalculation.com/unit-conversion/index.php,323,0,0
1784795558216,372,Easy Calculation - Calculators,200,OK,Easy_Calculation 1-2,text,true,,48202,135,20,20,https://www.easycalculation.com/index.php,359,0,0
1784795558312,339,Easy Calculation - Calculators,200,OK,Easy_Calculation 1-7,text,true,,48202,135,20,20,https://www.easycalculation.com/index.php,315,0,0
1784795558323,343,Easy Calculation - Converters,200,OK,Easy_Calculation 1-4,text,true,,24254,151,20,20,https://www.easycalculation.com/unit-conversion/index.php,339,0,0
1784795558341,352,Easy Calculation - Formulas,200,OK,Easy_Calculation 1-20,text,true,,23703,144,20,20,https://www.easycalculation.com/formulas/index.php,341,0,0
1784795558351,357,Easy Calculation - Charts And Tables,200,OK,Easy_Calculation 1-12,text,true,,31053,147,20,20,https://www.easycalculation.com/charts-and-tables.php,352,0,0
1784795558369,364,Easy Calculation - Charts And Tables,200,OK,Easy_Calculation 1-6,text,true,,31053,147,20,20,https://www.easycalculation.com/charts-and-tables.php,347,0,0
1784795558393,356,Easy Calculation - Converters,200,OK,Easy_Calculation 1-3,text,true,,24254,151,20,20,https://www.easycalculation.com/unit-conversion/index.php,353,0,0
1784795558024,732,Easy Calculation - Calculators,200,OK,Easy_Calculation 1-16,text,true,,48202,135,20,20,https://www.easycalculation.com/index.php,369,0,0
1784795557872,885,Easy Calculation - Formulas,200,OK,Easy_Calculation 1-15,text,true,,23703,144,20,20,https://www.easycalculation.com/formulas/index.php,880,0,0
1784795558418,388,Easy Calculation - Calculators,200,OK,Easy_Calculation 1-8,text,true,,48202,135,20,20,https://www.easycalculation.com/index.php,362,0,0
1784795558432,390,Easy Calculation - Formulas,200,OK,Easy_Calculation 1-14,text,true,,23703,144,20,20,https://www.easycalculation.com/formulas/index.php,389,0,0
1784795558447,379,Easy Calculation - Currency,200,OK,Easy_Calculation 1-13,text,true,,19789,154,20,20,https://www.easycalculation.com/currency-converter/index.php,379,0,0
1784795558457,385,Easy Calculation - Currency,200,OK,Easy_Calculation 1-1,text,true,,19789,154,20,20,https://www.easycalculation.com/currency-converter/index.php,382,0,0
1784795558474,393,Easy Calculation - Formulas,200,OK,Easy_Calculation 1-18,text,true,,23703,144,20,20,https://www.easycalculation.com/formulas/index.php,381,0,0
1784795558488,381,Easy Calculation - Currency,200,OK,Easy_Calculation 1-19,text,true,,19789,154,20,20,https://www.easycalculation.com/currency-converter/index.php,381,0,0
1784795558510,381,Easy Calculation - Calculators,200,OK,Easy_Calculation 1-10,text,true,,48202,135,20,20,https://www.easycalculation.com/index.php,359,0,0
1784795558523,425,Easy Calculation - Calculators,200,OK,Easy_Calculation 1-9,text,true,,48202,135,20,20,https://www.easycalculation.com/index.php,378,0,0
1784795558551,397,Easy Calculation - Currency,200,OK,Easy_Calculation 1-5,text,true,,19789,154,20,20,https://www.easycalculation.com/currency-converter/index.php,397,0,0
1784795558557,401,Easy Calculation - Formulas,200,OK,Easy_Calculation 1-11,text,true,,23703,144,20,20,https://www.easycalculation.com/formulas/index.php,400,0,0
1784795558548,435,Easy Calculation - Converters,200,OK,Easy_Calculation 1-17,text,true,,24254,151,20,20,https://www.easycalculation.com/unit-conversion/index.php,412,0,0
1784795558588,427,Easy Calculation - Converters,200,OK,Easy_Calculation 1-2,text,true,,24254,151,20,20,https://www.easycalculation.com/unit-conversion/index.php,400,0,0
1784795558652,375,Easy Calculation - Converters,200,OK,Easy_Calculation 1-7,text,true,,24254,151,20,20,https://www.easycalculation.com/unit-conversion/index.php,375,0,0
1784795558666,394,Easy Calculation - Formulas,200,OK,Easy_Calculation 1-4,text,true,,23703,144,20,20,https://www.easycalculation.com/formulas/index.php,391,0,0
1784795558693,374,Easy Calculation - Currency,200,OK,Easy_Calculation 1-20,text,true,,19789,154,20,20,https://www.easycalculation.com/currency-converter/index.php,374,0,0
1784795558708,396,Easy Calculation - Calculators,200,OK,Easy_Calculation 1-12,text,true,,48202,135,20,20,https://www.easycalculation.com/index.php,366,0,0
1784795558749,365,Easy Calculation - Formulas,200,OK,Easy_Calculation 1-3,text,true,,23703,144,20,20,https://www.easycalculation.com/formulas/index.php,364,0,0
1784795558733,408,Easy Calculation - Calculators,200,OK,Easy_Calculation 1-6,text,true,,48202,135,20,20,https://www.easycalculation.com/index.php,387,0,0
1784795558757,406,Easy Calculation - Currency,200,OK,Easy_Calculation 1-15,text,true,,19789,154,20,20,https://www.easycalculation.com/currency-converter/index.php,405,0,0
1784795558826,372,Easy Calculation - Charts And Tables,200,OK,Easy_Calculation 1-13,text,true,,31053,147,20,20,https://www.easycalculation.com/charts-and-tables.php,371,0,0
1784795558822,382,Easy Calculation - Currency,200,OK,Easy_Calculation 1-14,text,true,,19789,154,20,20,https://www.easycalculation.com/currency-converter/index.php,381,0,0
1784795558867,358,Easy Calculation - Currency,200,OK,Easy_Calculation 1-18,text,true,,19789,154,20,20,https://www.easycalculation.com/currency-converter/index.php,353,0,0
1784795558842,412,Easy Calculation - Charts And Tables,200,OK,Easy_Calculation 1-1,text,true,,31053,147,20,20,https://www.easycalculation.com/charts-and-tables.php,392,0,0
1784795558870,404,Easy Calculation - Charts And Tables,200,OK,Easy_Calculation 1-19,text,true,,31053,147,20,20,https://www.easycalculation.com/charts-and-tables.php,394,0,0
1784795558891,397,Easy Calculation - Converters,200,OK,Easy_Calculation 1-10,text,true,,24254,151,20,20,https://www.easycalculation.com/unit-conversion/index.php,390,0,0
1784795558948,371,Easy Calculation - Charts And Tables,200,OK,Easy_Calculation 1-5,text,true,,31053,147,20,20,https://www.easycalculation.com/charts-and-tables.php,364,0,0
1784795558948,383,Easy Calculation - Converters,200,OK,Easy_Calculation 1-9,text,true,,24254,151,20,20,https://www.easycalculation.com/unit-conversion/index.php,374,0,0
1784795558958,373,Easy Calculation - Currency,200,OK,Easy_Calculation 1-11,text,true,,19789,154,20,20,https://www.easycalculation.com/currency-converter/index.php,373,0,0
1784795558983,365,Easy Calculation - Formulas,200,OK,Easy_Calculation 1-17,text,true,,23703,144,20,20,https://www.easycalculation.com/formulas/index.php,360,0,0
1784795559015,347,Easy Calculation - Formulas,200,OK,Easy_Calculation 1-2,text,true,,23703,144,20,20,https://www.easycalculation.com/formulas/index.php,343,0,0
1784795559027,355,Easy Calculation - Formulas,200,OK,Easy_Calculation 1-7,text,true,,23703,144,20,20,https://www.easycalculation.com/formulas/index.php,355,0,0
1784795559068,328,Easy Calculation - Charts And Tables,200,OK,Easy_Calculation 1-20,text,true,,31053,147,20,20,https://www.easycalculation.com/charts-and-tables.php,316,0,0
1784795559060,346,Easy Calculation - Currency,200,OK,Easy_Calculation 1-4,text,true,,19789,154,20,20,https://www.easycalculation.com/currency-converter/index.php,346,0,0
1784795559104,361,Easy Calculation - Converters,200,OK,Easy_Calculation 1-12,text,true,,24254,151,20,20,https://www.easycalculation.com/unit-conversion/index.php,346,0,0
1784795559114,358,Easy Calculation - Currency,200,OK,Easy_Calculation 1-3,text,true,,19789,154,20,20,https://www.easycalculation.com/currency-converter/index.php,357,0,0
1784795559163,343,Easy Calculation - Charts And Tables,200,OK,Easy_Calculation 1-15,text,true,,31053,147,20,20,https://www.easycalculation.com/charts-and-tables.php,317,0,0
1784795559141,382,Easy Calculation - Converters,200,OK,Easy_Calculation 1-6,text,true,,24254,151,20,20,https://www.easycalculation.com/unit-conversion/index.php,377,0,0
1784795558756,769,Easy Calculation - Converters,200,OK,Easy_Calculation 1-16,text,true,,24254,151,20,20,https://www.easycalculation.com/unit-conversion/index.php,769,0,0
1784795559198,340,Easy Calculation - Calculators,200,OK,Easy_Calculation 1-13,text,true,,48202,135,20,20,https://www.easycalculation.com/index.php,331,0,0
1784795559226,325,Easy Calculation - Charts And Tables,200,OK,Easy_Calculation 1-18,text,true,,31053,147,20,20,https://www.easycalculation.com/charts-and-tables.php,317,0,0
1784795559204,396,Easy Calculation - Charts And Tables,200,OK,Easy_Calculation 1-14,text,true,,31053,147,20,20,https://www.easycalculation.com/charts-and-tables.php,382,0,0
1784795559274,412,Easy Calculation - Calculators,200,OK,Easy_Calculation 1-19,text,true,,48202,135,20,20,https://www.easycalculation.com/index.php,362,0,0
1784795559255,462,Easy Calculation - Calculators,200,OK,Easy_Calculation 1-1,text,true,,48202,135,20,20,https://www.easycalculation.com/index.php,441,0,0
1784795559288,448,Easy Calculation - Formulas,200,OK,Easy_Calculation 1-10,text,true,,23703,144,20,20,https://www.easycalculation.com/formulas/index.php,448,0,0
1784795558806,952,Easy Calculation - Converters,200,OK,Easy_Calculation 1-8,text,true,,24254,151,20,20,https://www.easycalculation.com/unit-conversion/index.php,952,0,0
1784795559319,462,Easy Calculation - Calculators,200,OK,Easy_Calculation 1-5,text,true,,48202,135,20,20,https://www.easycalculation.com/index.php,439,0,0
1784795559331,459,Easy Calculation - Formulas,200,OK,Easy_Calculation 1-9,text,true,,23703,144,20,20,https://www.easycalculation.com/formulas/index.php,457,0,0
1784795559397,406,Easy Calculation - Calculators,200,OK,Easy_Calculation 1-20,text,true,,48202,135,20,20,https://www.easycalculation.com/index.php,397,0,0
1784795559382,427,Easy Calculation - Currency,200,OK,Easy_Calculation 1-7,text,true,,19789,154,20,20,https://www.easycalculation.com/currency-converter/index.php,427,0,0
1784795559348,481,Easy Calculation - Currency,200,OK,Easy_Calculation 1-17,text,true,,19789,154,20,20,https://www.easycalculation.com/currency-converter/index.php,481,0,0
1784795559465,366,Easy Calculation - Formulas,200,OK,Easy_Calculation 1-12,text,true,,23703,144,20,20,https://www.easycalculation.com/formulas/index.php,364,0,0
1784795559362,469,Easy Calculation - Currency,200,OK,Easy_Calculation 1-2,text,true,,19789,154,20,20,https://www.easycalculation.com/currency-converter/index.php,469,0,0
1784795559472,367,Easy Calculation - Charts And Tables,200,OK,Easy_Calculation 1-3,text,true,,31053,147,20,20,https://www.easycalculation.com/charts-and-tables.php,357,0,0
1784795559407,435,Easy Calculation - Charts And Tables,200,OK,Easy_Calculation 1-4,text,true,,31053,147,20,20,https://www.easycalculation.com/charts-and-tables.php,434,0,0
1784795559507,365,Easy Calculation - Calculators,200,OK,Easy_Calculation 1-15,text,true,,48202,135,20,20,https://www.easycalculation.com/index.php,364,0,0
1784795559523,351,Easy Calculation - Formulas,200,OK,Easy_Calculation 1-6,text,true,,23703,144,20,20,https://www.easycalculation.com/formulas/index.php,351,0,0
1784795559525,361,Easy Calculation - Formulas,200,OK,Easy_Calculation 1-16,text,true,,23703,144,20,20,https://www.easycalculation.com/formulas/index.php,357,0,0
1784795559551,362,Easy Calculation - Calculators,200,OK,Easy_Calculation 1-18,text,true,,48202,135,20,20,https://www.easycalculation.com/index.php,361,0,0
1784795559539,397,Easy Calculation - Converters,200,OK,Easy_Calculation 1-13,text,true,,24254,151,20,20,https://www.easycalculation.com/unit-conversion/index.php,393,0,0
1784795559601,355,Easy Calculation - Calculators,200,OK,Easy_Calculation 1-14,text,true,,48202,135,20,20,https://www.easycalculation.com/index.php,345,0,0
1784795559686,334,Easy Calculation - Converters,200,OK,Easy_Calculation 1-19,text,true,,24254,151,20,20,https://www.easycalculation.com/unit-conversion/index.php,330,0,0
1784795559717,356,Easy Calculation - Converters,200,OK,Easy_Calculation 1-1,text,true,,24254,151,20,20,https://www.easycalculation.com/unit-conversion/index.php,339,0,0
1784795559736,340,Easy Calculation - Currency,200,OK,Easy_Calculation 1-10,text,true,,19789,154,20,20,https://www.easycalculation.com/currency-converter/index.php,340,0,0
1784795559758,319,Easy Calculation - Formulas,200,OK,Easy_Calculation 1-8,text,true,,23703,144,20,20,https://www.easycalculation.com/formulas/index.php,318,0,0
1784795559782,322,Easy Calculation - Converters,200,OK,Easy_Calculation 1-5,text,true,,24254,151,20,20,https://www.easycalculation.com/unit-conversion/index.php,322,0,0
1784795559791,327,Easy Calculation - Currency,200,OK,Easy_Calculation 1-9,text,true,,19789,154,20,20,https://www.easycalculation.com/currency-converter/index.php,325,0,0
1784795559803,334,Easy Calculation - Converters,200,OK,Easy_Calculation 1-20,text,true,,24254,151,20,20,https://www.easycalculation.com/unit-conversion/index.php,329,0,0
1784795559831,341,Easy Calculation - Currency,200,OK,Easy_Calculation 1-12,text,true,,19789,154,20,20,https://www.easycalculation.com/currency-converter/index.php,340,0,0
1784795559839,350,Easy Calculation - Calculators,200,OK,Easy_Calculation 1-3,text,true,,48202,135,20,20,https://www.easycalculation.com/index.php,338,0,0
1784795559809,394,Easy Calculation - Charts And Tables,200,OK,Easy_Calculation 1-7,text,true,,31053,147,20,20,https://www.easycalculation.com/charts-and-tables.php,384,0,0
1784795559872,335,Easy Calculation - Converters,200,OK,Easy_Calculation 1-15,text,true,,24254,151,20,20,https://www.easycalculation.com/unit-conversion/index.php,335,0,0
1784795559843,389,Easy Calculation - Calculators,200,OK,Easy_Calculation 1-4,text,true,,48202,135,20,20,https://www.easycalculation.com/index.php,373,0,0
1784795559831,411,Easy Calculation - Charts And Tables,200,OK,Easy_Calculation 1-2,text,true,,31053,147,20,20,https://www.easycalculation.com/charts-and-tables.php,408,0,0
1784795559829,422,Easy Calculation - Charts And Tables,200,OK,Easy_Calculation 1-17,text,true,,31053,147,20,20,https://www.easycalculation.com/charts-and-tables.php,419,0,0
1784795559331,926,Easy Calculation - Charts And Tables,200,OK,Easy_Calculation 1-11,text,true,,31053,147,20,20,https://www.easycalculation.com/charts-and-tables.php,925,0,0
1784795559875,386,Easy Calculation - Currency,200,OK,Easy_Calculation 1-6,text,true,,19789,154,20,20,https://www.easycalculation.com/currency-converter/index.php,386,0,0
1784795559913,353,Easy Calculation - Converters,200,OK,Easy_Calculation 1-18,text,true,,24254,151,20,20,https://www.easycalculation.com/unit-conversion/index.php,353,0,0
1784795559886,385,Easy Calculation - Currency,200,OK,Easy_Calculation 1-16,text,true,,19789,154,20,20,https://www.easycalculation.com/currency-converter/index.php,384,0,0
1784795559936,344,Easy Calculation - Formulas,200,OK,Easy_Calculation 1-13,text,true,,23703,144,20,20,https://www.easycalculation.com/formulas/index.php,341,0,0
1784795559956,341,Easy Calculation - Converters,200,OK,Easy_Calculation 1-14,text,true,,24254,151,20,20,https://www.easycalculation.com/unit-conversion/index.php,335,0,0
1784795560020,336,Easy Calculation - Formulas,200,OK,Easy_Calculation 1-19,text,true,,23703,144,20,20,https://www.easycalculation.com/formulas/index.php,330,0,0
1784795560077,327,Easy Calculation - Currency,200,OK,Easy_Calculation 1-8,text,true,,19789,154,20,20,https://www.easycalculation.com/currency-converter/index.php,321,0,0
1784795560074,334,Easy Calculation - Formulas,200,OK,Easy_Calculation 1-1,text,true,,23703,144,20,20,https://www.easycalculation.com/formulas/index.php,333,0,0
1784795560076,358,Easy Calculation - Charts And Tables,200,OK,Easy_Calculation 1-10,text,true,,31053,147,20,20,https://www.easycalculation.com/charts-and-tables.php,336,0,0
1784795560104,338,Easy Calculation - Formulas,200,OK,Easy_Calculation 1-5,text,true,,23703,144,20,20,https://www.easycalculation.com/formulas/index.php,334,0,0
1784795560118,357,Easy Calculation - Charts And Tables,200,OK,Easy_Calculation 1-9,text,true,,31053,147,20,20,https://www.easycalculation.com/charts-and-tables.php,330,0,0
1784795560138,346,Easy Calculation - Formulas,200,OK,Easy_Calculation 1-20,text,true,,23703,144,20,20,https://www.easycalculation.com/formulas/index.php,339,0,0
1784795560173,319,Easy Calculation - Charts And Tables,200,OK,Easy_Calculation 1-12,text,true,,31053,147,20,20,https://www.easycalculation.com/charts-and-tables.php,315,0,0
1784795560189,333,Easy Calculation - Converters,200,OK,Easy_Calculation 1-3,text,true,,24254,151,20,20,https://www.easycalculation.com/unit-conversion/index.php,324,0,0
1784795560203,365,Easy Calculation - Calculators,200,OK,Easy_Calculation 1-7,text,true,,48202,135,20,20,https://www.easycalculation.com/index.php,351,0,0
1784795560207,367,Easy Calculation - Formulas,200,OK,Easy_Calculation 1-15,text,true,,23703,144,20,20,https://www.easycalculation.com/formulas/index.php,364,0,0
1784795560232,374,Easy Calculation - Converters,200,OK,Easy_Calculation 1-4,text,true,,24254,151,20,20,https://www.easycalculation.com/unit-conversion/index.php,374,0,0
1784795560257,475,Easy Calculation - Calculators,200,OK,Easy_Calculation 1-11,text,true,,48202,135,20,20,https://www.easycalculation.com/index.php,455,0,0
1784795560242,520,Easy Calculation - Calculators,200,OK,Easy_Calculation 1-2,text,true,,48202,135,20,20,https://www.easycalculation.com/index.php,493,0,0
1784795560266,496,Easy Calculation - Formulas,200,OK,Easy_Calculation 1-18,text,true,,23703,144,20,20,https://www.easycalculation.com/formulas/index.php,496,0,0
1784795560261,512,Easy Calculation - Charts And Tables,200,OK,Easy_Calculation 1-6,text,true,,31053,147,20,20,https://www.easycalculation.com/charts-and-tables.php,511,0,0
1784795560251,541,Easy Calculation - Calculators,200,OK,Easy_Calculation 1-17,text,true,,48202,135,20,20,https://www.easycalculation.com/index.php,524,0,0
1784795560281,541,Easy Calculation - Currency,200,OK,Easy_Calculation 1-13,text,true,,19789,154,20,20,https://www.easycalculation.com/currency-converter/index.php,541,0,0
1784795560356,478,Easy Calculation - Currency,200,OK,Easy_Calculation 1-19,text,true,,19789,154,20,20,https://www.easycalculation.com/currency-converter/index.php,478,0,0
1784795560404,434,Easy Calculation - Charts And Tables,200,OK,Easy_Calculation 1-8,text,true,,31053,147,20,20,https://www.easycalculation.com/charts-and-tables.php,432,0,0
1784795560297,541,Easy Calculation - Formulas,200,OK,Easy_Calculation 1-14,text,true,,23703,144,20,20,https://www.easycalculation.com/formulas/index.php,541,0,0
1784795560408,435,Easy Calculation - Currency,200,OK,Easy_Calculation 1-1,text,true,,19789,154,20,20,https://www.easycalculation.com/currency-converter/index.php,435,0,0
1784795560442,406,Easy Calculation - Currency,200,OK,Easy_Calculation 1-5,text,true,,19789,154,20,20,https://www.easycalculation.com/currency-converter/index.php,404,0,0
1784795560493,362,Easy Calculation - Calculators,200,OK,Easy_Calculation 1-12,text,true,,48202,135,20,20,https://www.easycalculation.com/index.php,356,0,0
1784795560522,369,Easy Calculation - Formulas,200,OK,Easy_Calculation 1-3,text,true,,23703,144,20,20,https://www.easycalculation.com/formulas/index.php,369,0,0
1784795560434,458,Easy Calculation - Calculators,200,OK,Easy_Calculation 1-10,text,true,,48202,135,20,20,https://www.easycalculation.com/index.php,457,0,0
1784795560484,411,Easy Calculation - Currency,200,OK,Easy_Calculation 1-20,text,true,,19789,154,20,20,https://www.easycalculation.com/currency-converter/index.php,411,0,0
1784795560475,443,Easy Calculation - Calculators,200,OK,Easy_Calculation 1-9,text,true,,48202,135,20,20,https://www.easycalculation.com/index.php,420,0,0
1784795560575,355,Easy Calculation - Currency,200,OK,Easy_Calculation 1-15,text,true,,19789,154,20,20,https://www.easycalculation.com/currency-converter/index.php,355,0,0
1784795560568,364,Easy Calculation - Converters,200,OK,Easy_Calculation 1-7,text,true,,24254,151,20,20,https://www.easycalculation.com/unit-conversion/index.php,362,0,0
1784795560607,362,Easy Calculation - Formulas,200,OK,Easy_Calculation 1-4,text,true,,23703,144,20,20,https://www.easycalculation.com/formulas/index.php,346,0,0
1784795560763,334,Easy Calculation - Currency,200,OK,Easy_Calculation 1-18,text,true,,19789,154,20,20,https://www.easycalculation.com/currency-converter/index.php,334,0,0
1784795560732,379,Easy Calculation - Converters,200,OK,Easy_Calculation 1-11,text,true,,24254,151,20,20,https://www.easycalculation.com/unit-conversion/index.php,365,0,0
1784795560773,386,Easy Calculation - Calculators,200,OK,Easy_Calculation 1-6,text,true,,48202,135,20,20,https://www.easycalculation.com/index.php,340,0,0
1784795560271,895,Easy Calculation - Charts And Tables,200,OK,Easy_Calculation 1-16,text,true,,31053,147,20,20,https://www.easycalculation.com/charts-and-tables.php,532,0,0
1784795560763,403,Easy Calculation - Converters,200,OK,Easy_Calculation 1-2,text,true,,24254,151,20,20,https://www.easycalculation.com/unit-conversion/index.php,396,0,0
1784795560823,380,Easy Calculation - Charts And Tables,200,OK,Easy_Calculation 1-13,text,true,,31053,147,20,20,https://www.easycalculation.com/charts-and-tables.php,375,0,0
1784795560834,382,Easy Calculation - Charts And Tables,200,OK,Easy_Calculation 1-19,text,true,,31053,147,20,20,https://www.easycalculation.com/charts-and-tables.php,371,0,0
1784795560838,419,Easy Calculation - Calculators,200,OK,Easy_Calculation 1-8,text,true,,48202,135,20,20,https://www.easycalculation.com/index.php,396,0,0
1784795560792,469,Easy Calculation - Converters,200,OK,Easy_Calculation 1-17,text,true,,24254,151,20,20,https://www.easycalculation.com/unit-conversion/index.php,465,0,0
1784795560848,425,Easy Calculation - Charts And Tables,200,OK,Easy_Calculation 1-5,text,true,,31053,147,20,20,https://www.easycalculation.com/charts-and-tables.php,413,0,0
1784795560855,424,Easy Calculation - Converters,200,OK,Easy_Calculation 1-12,text,true,,24254,151,20,20,https://www.easycalculation.com/unit-conversion/index.php,421,0,0
1784795560843,442,Easy Calculation - Charts And Tables,200,OK,Easy_Calculation 1-1,text,true,,31053,147,20,20,https://www.easycalculation.com/charts-and-tables.php,439,0,0
1784795560891,427,Easy Calculation - Currency,200,OK,Easy_Calculation 1-3,text,true,,19789,154,20,20,https://www.easycalculation.com/currency-converter/index.php,426,0,0
1784795560839,479,Easy Calculation - Currency,200,OK,Easy_Calculation 1-14,text,true,,19789,154,20,20,https://www.easycalculation.com/currency-converter/index.php,479,0,0
1784795560895,620,Easy Calculation - Charts And Tables,200,OK,Easy_Calculation 1-20,text,true,,31053,147,20,20,https://www.easycalculation.com/charts-and-tables.php,620,0,0
1784795560892,630,Easy Calculation - Converters,200,OK,Easy_Calculation 1-10,text,true,,24254,151,20,20,https://www.easycalculation.com/unit-conversion/index.php,628,0,0
1784795560932,591,Easy Calculation - Formulas,200,OK,Easy_Calculation 1-7,text,true,,23703,144,20,20,https://www.easycalculation.com/formulas/index.php,591,0,0
1784795560918,609,Easy Calculation - Converters,200,OK,Easy_Calculation 1-9,text,true,,24254,151,20,20,https://www.easycalculation.com/unit-conversion/index.php,609,0,0
1784795560970,557,Easy Calculation - Currency,200,OK,Easy_Calculation 1-4,text,true,,19789,154,20,20,https://www.easycalculation.com/currency-converter/index.php,557,0,0
1784795561097,435,Easy Calculation - Charts And Tables,200,OK,Easy_Calculation 1-18,text,true,,31053,147,20,20,https://www.easycalculation.com/charts-and-tables.php,432,0,0
1784795561111,429,Easy Calculation - Formulas,200,OK,Easy_Calculation 1-11,text,true,,23703,144,20,20,https://www.easycalculation.com/formulas/index.php,424,0,0
1784795561159,405,Easy Calculation - Converters,200,OK,Easy_Calculation 1-6,text,true,,24254,151,20,20,https://www.easycalculation.com/unit-conversion/index.php,405,0,0
1784795561167,401,Easy Calculation - Formulas,200,OK,Easy_Calculation 1-2,text,true,,23703,144,20,20,https://www.easycalculation.com/formulas/index.php,401,0,0
1784795561216,373,Easy Calculation - Calculators,200,OK,Easy_Calculation 1-19,text,true,,48202,135,20,20,https://www.easycalculation.com/index.php,364,0,0
1784795561204,397,Easy Calculation - Calculators,200,OK,Easy_Calculation 1-13,text,true,,48202,135,20,20,https://www.easycalculation.com/index.php,387,0,0
1784795561258,353,Easy Calculation - Converters,200,OK,Easy_Calculation 1-8,text,true,,24254,151,20,20,https://www.easycalculation.com/unit-conversion/index.php,349,0,0
1784795561273,358,Easy Calculation - Calculators,200,OK,Easy_Calculation 1-5,text,true,,48202,135,20,20,https://www.easycalculation.com/index.php,346,0,0
1784795561279,357,Easy Calculation - Formulas,200,OK,Easy_Calculation 1-12,text,true,,23703,144,20,20,https://www.easycalculation.com/formulas/index.php,355,0,0
1784795561261,395,Easy Calculation - Formulas,200,OK,Easy_Calculation 1-17,text,true,,23703,144,20,20,https://www.easycalculation.com/formulas/index.php,380,0,0
1784795561286,376,Easy Calculation - Calculators,200,OK,Easy_Calculation 1-1,text,true,,48202,135,20,20,https://www.easycalculation.com/index.php,372,0,0
1784795561318,518,Easy Calculation - Charts And Tables,200,OK,Easy_Calculation 1-3,text,true,,31053,147,20,20,https://www.easycalculation.com/charts-and-tables.php,474,0,0
1784795561318,520,Easy Calculation - Charts And Tables,200,OK,Easy_Calculation 1-14,text,true,,31053,147,20,20,https://www.easycalculation.com/charts-and-tables.php,520,0,0
1784795561515,327,Easy Calculation - Calculators,200,OK,Easy_Calculation 1-20,text,true,,48202,135,20,20,https://www.easycalculation.com/index.php,323,0,0
1784795560930,912,Easy Calculation - Charts And Tables,200,OK,Easy_Calculation 1-15,text,true,,31053,147,20,20,https://www.easycalculation.com/charts-and-tables.php,912,0,0
1784795561522,336,Easy Calculation - Formulas,200,OK,Easy_Calculation 1-10,text,true,,23703,144,20,20,https://www.easycalculation.com/formulas/index.php,336,0,0
1784795561523,335,Easy Calculation - Currency,200,OK,Easy_Calculation 1-7,text,true,,19789,154,20,20,https://www.easycalculation.com/currency-converter/index.php,335,0,0
1784795561532,326,Easy Calculation - Calculators,200,OK,Easy_Calculation 1-18,text,true,,48202,135,20,20,https://www.easycalculation.com/index.php,326,0,0
1784795561527,341,Easy Calculation - Formulas,200,OK,Easy_Calculation 1-9,text,true,,23703,144,20,20,https://www.easycalculation.com/formulas/index.php,341,0,0
1784795561540,328,Easy Calculation - Currency,200,OK,Easy_Calculation 1-11,text,true,,19789,154,20,20,https://www.easycalculation.com/currency-converter/index.php,326,0,0
1784795561527,346,Easy Calculation - Charts And Tables,200,OK,Easy_Calculation 1-4,text,true,,31053,147,20,20,https://www.easycalculation.com/charts-and-tables.php,341,0,0
1784795561166,707,Easy Calculation - Calculators,200,OK,Easy_Calculation 1-16,text,true,,48202,135,20,20,https://www.easycalculation.com/index.php,394,0,0
1784795561565,310,Easy Calculation - Formulas,200,OK,Easy_Calculation 1-6,text,true,,23703,144,20,20,https://www.easycalculation.com/formulas/index.php,310,0,0
1784795561590,292,Easy Calculation - Converters,200,OK,Easy_Calculation 1-19,text,true,,24254,151,20,20,https://www.easycalculation.com/unit-conversion/index.php,290,0,0
1784795561568,333,Easy Calculation - Currency,200,OK,Easy_Calculation 1-2,text,true,,19789,154,20,20,https://www.easycalculation.com/currency-converter/index.php,330,0,0
1784795561611,327,Easy Calculation - Formulas,200,OK,Easy_Calculation 1-8,text,true,,23703,144,20,20,https://www.easycalculation.com/formulas/index.php,327,0,0
1784795561601,337,Easy Calculation - Converters,200,OK,Easy_Calculation 1-13,text,true,,24254,151,20,20,https://www.easycalculation.com/unit-conversion/index.php,337,0,0
1784795561631,321,Easy Calculation - Converters,200,OK,Easy_Calculation 1-5,text,true,,24254,151,20,20,https://www.easycalculation.com/unit-conversion/index.php,321,0,0
1784795561636,316,Easy Calculation - Currency,200,OK,Easy_Calculation 1-12,text,true,,19789,154,20,20,https://www.easycalculation.com/currency-converter/index.php,316,0,0
1784795561662,331,Easy Calculation - Converters,200,OK,Easy_Calculation 1-1,text,true,,24254,151,20,20,https://www.easycalculation.com/unit-conversion/index.php,331,0,0
1784795561656,349,Easy Calculation - Currency,200,OK,Easy_Calculation 1-17,text,true,,19789,154,20,20,https://www.easycalculation.com/currency-converter/index.php,337,0,0
1784795561837,336,Easy Calculation - Calculators,200,OK,Easy_Calculation 1-3,text,true,,48202,135,20,20,https://www.easycalculation.com/index.php,326,0,0
1784795561842,340,Easy Calculation - Converters,200,OK,Easy_Calculation 1-20,text,true,,24254,151,20,20,https://www.easycalculation.com/unit-conversion/index.php,335,0,0
1784795561858,333,Easy Calculation - Converters,200,OK,Easy_Calculation 1-18,text,true,,24254,151,20,20,https://www.easycalculation.com/unit-conversion/index.php,331,0,0
1784795561838,390,Easy Calculation - Calculators,200,OK,Easy_Calculation 1-14,text,true,,48202,135,20,20,https://www.easycalculation.com/index.php,360,0,0
1784795561858,379,Easy Calculation - Currency,200,OK,Easy_Calculation 1-10,text,true,,19789,154,20,20,https://www.easycalculation.com/currency-converter/index.php,379,0,0
1784795561858,396,Easy Calculation - Charts And Tables,200,OK,Easy_Calculation 1-7,text,true,,31053,147,20,20,https://www.easycalculation.com/charts-and-tables.php,386,0,0
1784795561869,392,Easy Calculation - Charts And Tables,200,OK,Easy_Calculation 1-11,text,true,,31053,147,20,20,https://www.easycalculation.com/charts-and-tables.php,385,0,0
1784795561868,398,Easy Calculation - Currency,200,OK,Easy_Calculation 1-9,text,true,,19789,154,20,20,https://www.easycalculation.com/currency-converter/index.php,398,0,0
1784795561882,412,Easy Calculation - Formulas,200,OK,Easy_Calculation 1-19,text,true,,23703,144,20,20,https://www.easycalculation.com/formulas/index.php,409,0,0
1784795561874,427,Easy Calculation - Calculators,200,OK,Easy_Calculation 1-4,text,true,,48202,135,20,20,https://www.easycalculation.com/index.php,409,0,0
1784795561874,440,Easy Calculation - Converters,200,OK,Easy_Calculation 1-16,text,true,,24254,151,20,20,https://www.easycalculation.com/unit-conversion/index.php,428,0,0
1784795561876,438,Easy Calculation - Currency,200,OK,Easy_Calculation 1-6,text,true,,19789,154,20,20,https://www.easycalculation.com/currency-converter/index.php,438,0,0
1784795561902,415,Easy Calculation - Charts And Tables,200,OK,Easy_Calculation 1-2,text,true,,31053,147,20,20,https://www.easycalculation.com/charts-and-tables.php,412,0,0
1784795561938,384,Easy Calculation - Currency,200,OK,Easy_Calculation 1-8,text,true,,19789,154,20,20,https://www.easycalculation.com/currency-converter/index.php,384,0,0
1784795561952,376,Easy Calculation - Formulas,200,OK,Easy_Calculation 1-5,text,true,,23703,144,20,20,https://www.easycalculation.com/formulas/index.php,376,0,0
1784795561952,395,Easy Calculation - Charts And Tables,200,OK,Easy_Calculation 1-12,text,true,,31053,147,20,20,https://www.easycalculation.com/charts-and-tables.php,381,0,0
1784795561939,422,Easy Calculation - Formulas,200,OK,Easy_Calculation 1-13,text,true,,23703,144,20,20,https://www.easycalculation.com/formulas/index.php,414,0,0
1784795561993,379,Easy Calculation - Formulas,200,OK,Easy_Calculation 1-1,text,true,,23703,144,20,20,https://www.easycalculation.com/formulas/index.php,376,0,0
1784795562005,386,Easy Calculation - Charts And Tables,200,OK,Easy_Calculation 1-17,text,true,,31053,147,20,20,https://www.easycalculation.com/charts-and-tables.php,381,0,0
1784795561842,611,Easy Calculation - Calculators,200,OK,Easy_Calculation 1-15,text,true,,48202,135,20,20,https://www.easycalculation.com/index.php,331,0,0
1784795562173,312,Easy Calculation - Converters,200,OK,Easy_Calculation 1-3,text,true,,24254,151,20,20,https://www.easycalculation.com/unit-conversion/index.php,298,0,0
1784795562182,310,Easy Calculation - Formulas,200,OK,Easy_Calculation 1-20,text,true,,23703,144,20,20,https://www.easycalculation.com/formulas/index.php,309,0,0
1784795562192,310,Easy Calculation - Formulas,200,OK,Easy_Calculation 1-18,text,true,,23703,144,20,20,https://www.easycalculation.com/formulas/index.php,306,0,0
1784795562229,343,Easy Calculation - Converters,200,OK,Easy_Calculation 1-14,text,true,,24254,151,20,20,https://www.easycalculation.com/unit-conversion/index.php,343,0,0
1784795562237,355,Easy Calculation - Charts And Tables,200,OK,Easy_Calculation 1-10,text,true,,31053,147,20,20,https://www.easycalculation.com/charts-and-tables.php,345,0,0
1784795562254,367,Easy Calculation - Calculators,200,OK,Easy_Calculation 1-7,text,true,,48202,135,20,20,https://www.easycalculation.com/index.php,352,0,0
1784795562261,400,Easy Calculation - Calculators,200,OK,Easy_Calculation 1-11,text,true,,48202,135,20,20,https://www.easycalculation.com/index.php,396,0,0
1784795562294,551,Easy Calculation - Currency,200,OK,Easy_Calculation 1-19,text,true,,19789,154,20,20,https://www.easycalculation.com/currency-converter/index.php,551,0,0
1784795562314,532,Easy Calculation - Charts And Tables,200,OK,Easy_Calculation 1-6,text,true,,31053,147,20,20,https://www.easycalculation.com/charts-and-tables.php,531,0,0
1784795562328,518,Easy Calculation - Currency,200,OK,Easy_Calculation 1-5,text,true,,19789,154,20,20,https://www.easycalculation.com/currency-converter/index.php,518,0,0
1784795562322,534,Easy Calculation - Charts And Tables,200,OK,Easy_Calculation 1-8,text,true,,31053,147,20,20,https://www.easycalculation.com/charts-and-tables.php,524,0,0
1784795562314,563,Easy Calculation - Formulas,200,OK,Easy_Calculation 1-16,text,true,,23703,144,20,20,https://www.easycalculation.com/formulas/index.php,560,0,0
1784795562301,591,Easy Calculation - Converters,200,OK,Easy_Calculation 1-4,text,true,,24254,151,20,20,https://www.easycalculation.com/unit-conversion/index.php,586,0,0
1784795562266,643,Easy Calculation - Charts And Tables,200,OK,Easy_Calculation 1-9,text,true,,31053,147,20,20,https://www.easycalculation.com/charts-and-tables.php,631,0,0
1784795562317,619,Easy Calculation - Calculators,200,OK,Easy_Calculation 1-2,text,true,,48202,135,20,20,https://www.easycalculation.com/index.php,601,0,0
1784795562347,626,Easy Calculation - Calculators,200,OK,Easy_Calculation 1-12,text,true,,48202,135,20,20,https://www.easycalculation.com/index.php,599,0,0
1784795562362,625,Easy Calculation - Currency,200,OK,Easy_Calculation 1-13,text,true,,19789,154,20,20,https://www.easycalculation.com/currency-converter/index.php,620,0,0
1784795562372,633,Easy Calculation - Currency,200,OK,Easy_Calculation 1-1,text,true,,19789,154,20,20,https://www.easycalculation.com/currency-converter/index.php,633,0,0
1784795562391,635,Easy Calculation - Calculators,200,OK,Easy_Calculation 1-17,text,true,,48202,135,20,20,https://www.easycalculation.com/index.php,621,0,0
1784795562453,588,Easy Calculation - Converters,200,OK,Easy_Calculation 1-15,text,true,,24254,151,20,20,https://www.easycalculation.com/unit-conversion/index.php,585,0,0
1784795562485,566,Easy Calculation - Formulas,200,OK,Easy_Calculation 1-3,text,true,,23703,144,20,20,https://www.easycalculation.com/formulas/index.php,562,0,0
1784795562492,564,Easy Calculation - Currency,200,OK,Easy_Calculation 1-20,text,true,,19789,154,20,20,https://www.easycalculation.com/currency-converter/index.php,564,0,0
1784795562502,564,Easy Calculation - Currency,200,OK,Easy_Calculation 1-18,text,true,,19789,154,20,20,https://www.easycalculation.com/currency-converter/index.php,561,0,0
1784795562573,511,Easy Calculation - Formulas,200,OK,Easy_Calculation 1-14,text,true,,23703,144,20,20,https://www.easycalculation.com/formulas/index.php,507,0,0
1784795562592,505,Easy Calculation - Calculators,200,OK,Easy_Calculation 1-10,text,true,,48202,135,20,20,https://www.easycalculation.com/index.php,495,0,0
1784795562621,489,Easy Calculation - Converters,200,OK,Easy_Calculation 1-7,text,true,,24254,151,20,20,https://www.easycalculation.com/unit-conversion/index.php,482,0,0
1784795562661,470,Easy Calculation - Converters,200,OK,Easy_Calculation 1-11,text,true,,24254,151,20,20,https://www.easycalculation.com/unit-conversion/index.php,470,0,0
1784795562847,321,Easy Calculation - Charts And Tables,200,OK,Easy_Calculation 1-5,text,true,,31053,147,20,20,https://www.easycalculation.com/charts-and-tables.php,317,0,0
1784795562846,328,Easy Calculation - Charts And Tables,200,OK,Easy_Calculation 1-19,text,true,,31053,147,19,19,https://www.easycalculation.com/charts-and-tables.php,326,0,0
1784795562847,353,Easy Calculation - Calculators,200,OK,Easy_Calculation 1-6,text,true,,48202,135,19,19,https://www.easycalculation.com/index.php,331,0,0
1784795562856,347,Easy Calculation - Calculators,200,OK,Easy_Calculation 1-8,text,true,,48202,135,19,19,https://www.easycalculation.com/index.php,345,0,0
1784795562878,337,Easy Calculation - Currency,200,OK,Easy_Calculation 1-16,text,true,,19789,154,19,19,https://www.easycalculation.com/currency-converter/index.php,337,0,0
1784795562892,325,Easy Calculation - Formulas,200,OK,Easy_Calculation 1-4,text,true,,23703,144,19,19,https://www.easycalculation.com/formulas/index.php,325,0,0
1784795562910,328,Easy Calculation - Calculators,200,OK,Easy_Calculation 1-9,text,true,,48202,135,19,19,https://www.easycalculation.com/index.php,324,0,0
1784795562973,301,Easy Calculation - Converters,200,OK,Easy_Calculation 1-12,text,true,,24254,151,19,19,https://www.easycalculation.com/unit-conversion/index.php,301,0,0
1784795562936,338,Easy Calculation - Converters,200,OK,Easy_Calculation 1-2,text,true,,24254,151,19,19,https://www.easycalculation.com/unit-conversion/index.php,338,0,0
1784795562988,340,Easy Calculation - Charts And Tables,200,OK,Easy_Calculation 1-13,text,true,,31053,147,19,19,https://www.easycalculation.com/charts-and-tables.php,339,0,0
1784795563006,331,Easy Calculation - Charts And Tables,200,OK,Easy_Calculation 1-1,text,true,,31053,147,19,19,https://www.easycalculation.com/charts-and-tables.php,327,0,0
1784795563026,326,Easy Calculation - Converters,200,OK,Easy_Calculation 1-17,text,true,,24254,151,19,19,https://www.easycalculation.com/unit-conversion/index.php,326,0,0
1784795563041,337,Easy Calculation - Formulas,200,OK,Easy_Calculation 1-15,text,true,,23703,144,19,19,https://www.easycalculation.com/formulas/index.php,336,0,0
1784795563051,331,Easy Calculation - Currency,200,OK,Easy_Calculation 1-3,text,true,,19789,154,19,19,https://www.easycalculation.com/currency-converter/index.php,331,0,0
1784795563056,330,Easy Calculation - Charts And Tables,200,OK,Easy_Calculation 1-20,text,true,,31053,147,19,19,https://www.easycalculation.com/charts-and-tables.php,330,0,0
1784795563066,328,Easy Calculation - Charts And Tables,200,OK,Easy_Calculation 1-18,text,true,,31053,147,19,19,https://www.easycalculation.com/charts-and-tables.php,318,0,0
1784795563097,331,Easy Calculation - Converters,200,OK,Easy_Calculation 1-10,text,true,,24254,151,19,19,https://www.easycalculation.com/unit-conversion/index.php,331,0,0
1784795563084,346,Easy Calculation - Currency,200,OK,Easy_Calculation 1-14,text,true,,19789,154,19,19,https://www.easycalculation.com/currency-converter/index.php,346,0,0
1784795563110,335,Easy Calculation - Formulas,200,OK,Easy_Calculation 1-7,text,true,,23703,144,19,19,https://www.easycalculation.com/formulas/index.php,335,0,0
1784795563131,332,Easy Calculation - Formulas,200,OK,Easy_Calculation 1-11,text,true,,23703,144,19,19,https://www.easycalculation.com/formulas/index.php,329,0,0
1784795563174,324,Easy Calculation - Calculators,200,OK,Easy_Calculation 1-19,text,true,,48202,135,19,19,https://www.easycalculation.com/index.php,311,0,0
1784795563203,319,Easy Calculation - Converters,200,OK,Easy_Calculation 1-8,text,true,,24254,151,19,19,https://www.easycalculation.com/unit-conversion/index.php,319,0,0
1784795563200,333,Easy Calculation - Converters,200,OK,Easy_Calculation 1-6,text,true,,24254,151,19,19,https://www.easycalculation.com/unit-conversion/index.php,324,0,0
1784795563216,320,Easy Calculation - Charts And Tables,200,OK,Easy_Calculation 1-16,text,true,,31053,147,19,19,https://www.easycalculation.com/charts-and-tables.php,320,0,0
1784795563217,324,Easy Calculation - Currency,200,OK,Easy_Calculation 1-4,text,true,,19789,154,19,19,https://www.easycalculation.com/currency-converter/index.php,317,0,0
1784795563238,323,Easy Calculation - Converters,200,OK,Easy_Calculation 1-9,text,true,,24254,151,19,19,https://www.easycalculation.com/unit-conversion/index.php,323,0,0
1784795563275,312,Easy Calculation - Formulas,200,OK,Easy_Calculation 1-12,text,true,,23703,144,19,19,https://www.easycalculation.com/formulas/index.php,309,0,0
1784795563275,352,Easy Calculation - Formulas,200,OK,Easy_Calculation 1-2,text,true,,23703,144,19,19,https://www.easycalculation.com/formulas/index.php,352,0,0
1784795563328,319,Easy Calculation - Calculators,200,OK,Easy_Calculation 1-13,text,true,,48202,135,19,19,https://www.easycalculation.com/index.php,313,0,0
1784795563337,320,Easy Calculation - Calculators,200,OK,Easy_Calculation 1-1,text,true,,48202,135,19,19,https://www.easycalculation.com/index.php,316,0,0
1784795563378,315,Easy Calculation - Currency,200,OK,Easy_Calculation 1-15,text,true,,19789,154,19,19,https://www.easycalculation.com/currency-converter/index.php,315,0,0
1784795563353,343,Easy Calculation - Formulas,200,OK,Easy_Calculation 1-17,text,true,,23703,144,19,19,https://www.easycalculation.com/formulas/index.php,341,0,0
1784795563382,320,Easy Calculation - Charts And Tables,200,OK,Easy_Calculation 1-3,text,true,,31053,147,19,19,https://www.easycalculation.com/charts-and-tables.php,318,0,0
1784795563386,383,Easy Calculation - Calculators,200,OK,Easy_Calculation 1-20,text,true,,48202,135,18,18,https://www.easycalculation.com/index.php,322,0,0
1784795563445,328,Easy Calculation - Currency,200,OK,Easy_Calculation 1-7,text,true,,19789,154,18,18,https://www.easycalculation.com/currency-converter/index.php,328,0,0
1784795563428,347,Easy Calculation - Formulas,200,OK,Easy_Calculation 1-10,text,true,,23703,144,18,18,https://www.easycalculation.com/formulas/index.php,345,0,0
1784795563395,381,Easy Calculation - Calculators,200,OK,Easy_Calculation 1-18,text,true,,48202,135,18,18,https://www.easycalculation.com/index.php,380,0,0
1784795563463,315,Easy Calculation - Currency,200,OK,Easy_Calculation 1-11,text,true,,19789,154,18,18,https://www.easycalculation.com/currency-converter/index.php,315,0,0
1784795563430,349,Easy Calculation - Charts And Tables,200,OK,Easy_Calculation 1-14,text,true,,31053,147,18,18,https://www.easycalculation.com/charts-and-tables.php,346,0,0
1784795563522,322,Easy Calculation - Formulas,200,OK,Easy_Calculation 1-8,text,true,,23703,144,18,18,https://www.easycalculation.com/formulas/index.php,321,0,0
1784795563533,317,Easy Calculation - Formulas,200,OK,Easy_Calculation 1-6,text,true,,23703,144,18,18,https://www.easycalculation.com/formulas/index.php,317,0,0
1784795563541,326,Easy Calculation - Charts And Tables,200,OK,Easy_Calculation 1-4,text,true,,31053,147,18,18,https://www.easycalculation.com/charts-and-tables.php,320,0,0
1784795563562,323,Easy Calculation - Formulas,200,OK,Easy_Calculation 1-9,text,true,,23703,144,17,17,https://www.easycalculation.com/formulas/index.php,321,0,0
1784795563587,319,Easy Calculation - Currency,200,OK,Easy_Calculation 1-12,text,true,,19789,154,17,17,https://www.easycalculation.com/currency-converter/index.php,318,0,0
1784795563627,336,Easy Calculation - Currency,200,OK,Easy_Calculation 1-2,text,true,,19789,154,17,17,https://www.easycalculation.com/currency-converter/index.php,336,0,0
1784795563647,324,Easy Calculation - Converters,200,OK,Easy_Calculation 1-13,text,true,,24254,151,17,17,https://www.easycalculation.com/unit-conversion/index.php,319,0,0
1784795563657,339,Easy Calculation - Converters,200,OK,Easy_Calculation 1-1,text,true,,24254,151,17,17,https://www.easycalculation.com/unit-conversion/index.php,320,0,0
1784795563693,313,Easy Calculation - Charts And Tables,200,OK,Easy_Calculation 1-15,text,true,,31053,147,17,17,https://www.easycalculation.com/charts-and-tables.php,308,0,0
1784795563696,350,Easy Calculation - Currency,200,OK,Easy_Calculation 1-17,text,true,,19789,154,17,17,https://www.easycalculation.com/currency-converter/index.php,346,0,0
1784795563769,313,Easy Calculation - Converters,200,OK,Easy_Calculation 1-20,text,true,,24254,151,17,17,https://www.easycalculation.com/unit-conversion/index.php,308,0,0
1784795563773,348,Easy Calculation - Charts And Tables,200,OK,Easy_Calculation 1-7,text,true,,31053,147,17,17,https://www.easycalculation.com/charts-and-tables.php,343,0,0
1784795563776,351,Easy Calculation - Currency,200,OK,Easy_Calculation 1-10,text,true,,19789,154,17,17,https://www.easycalculation.com/currency-converter/index.php,351,0,0
1784795563776,351,Easy Calculation - Converters,200,OK,Easy_Calculation 1-18,text,true,,24254,151,17,17,https://www.easycalculation.com/unit-conversion/index.php,351,0,0
1784795563778,364,Easy Calculation - Charts And Tables,200,OK,Easy_Calculation 1-11,text,true,,31053,147,17,17,https://www.easycalculation.com/charts-and-tables.php,354,0,0
1784795563779,376,Easy Calculation - Calculators,200,OK,Easy_Calculation 1-14,text,true,,48202,135,17,17,https://www.easycalculation.com/index.php,372,0,0
1784795563536,627,Easy Calculation - Calculators,200,OK,Easy_Calculation 1-16,text,true,,48202,135,17,17,https://www.easycalculation.com/index.php,315,0,0
1784795563844,320,Easy Calculation - Currency,200,OK,Easy_Calculation 1-8,text,true,,19789,154,17,17,https://www.easycalculation.com/currency-converter/index.php,320,0,0
1784795563851,334,Easy Calculation - Currency,200,OK,Easy_Calculation 1-6,text,true,,19789,154,17,17,https://www.easycalculation.com/currency-converter/index.php,332,0,0
1784795563885,324,Easy Calculation - Currency,200,OK,Easy_Calculation 1-9,text,true,,19789,154,17,17,https://www.easycalculation.com/currency-converter/index.php,322,0,0
1784795563906,314,Easy Calculation - Charts And Tables,200,OK,Easy_Calculation 1-12,text,true,,31053,147,17,17,https://www.easycalculation.com/charts-and-tables.php,306,0,0
1784795563964,337,Easy Calculation - Charts And Tables,200,OK,Easy_Calculation 1-2,text,true,,31053,147,17,17,https://www.easycalculation.com/charts-and-tables.php,334,0,0
1784795563996,342,Easy Calculation - Formulas,200,OK,Easy_Calculation 1-1,text,true,,23703,144,17,17,https://www.easycalculation.com/formulas/index.php,342,0,0
1784795564006,333,Easy Calculation - Calculators,200,OK,Easy_Calculation 1-15,text,true,,48202,135,17,17,https://www.easycalculation.com/index.php,307,0,0
1784795564046,341,Easy Calculation - Charts And Tables,200,OK,Easy_Calculation 1-17,text,true,,31053,147,17,17,https://www.easycalculation.com/charts-and-tables.php,339,0,0
1784795564082,312,Easy Calculation - Formulas,200,OK,Easy_Calculation 1-20,text,true,,23703,144,17,17,https://www.easycalculation.com/formulas/index.php,312,0,0
1784795564121,330,Easy Calculation - Calculators,200,OK,Easy_Calculation 1-7,text,true,,48202,135,17,17,https://www.easycalculation.com/index.php,318,0,0
1784795564128,339,Easy Calculation - Formulas,200,OK,Easy_Calculation 1-18,text,true,,23703,144,17,17,https://www.easycalculation.com/formulas/index.php,338,0,0
1784795564127,363,Easy Calculation - Charts And Tables,200,OK,Easy_Calculation 1-10,text,true,,31053,147,17,17,https://www.easycalculation.com/charts-and-tables.php,346,0,0
1784795564143,384,Easy Calculation - Calculators,200,OK,Easy_Calculation 1-11,text,true,,48202,135,17,17,https://www.easycalculation.com/index.php,361,0,0
1784795564164,381,Easy Calculation - Charts And Tables,200,OK,Easy_Calculation 1-8,text,true,,31053,147,17,17,https://www.easycalculation.com/charts-and-tables.php,366,0,0
1784795564155,390,Easy Calculation - Converters,200,OK,Easy_Calculation 1-14,text,true,,24254,151,17,17,https://www.easycalculation.com/unit-conversion/index.php,389,0,0
1784795563498,1049,Easy Calculation - Converters,200,OK,Easy_Calculation 1-19,text,true,,24254,151,16,16,https://www.easycalculation.com/unit-conversion/index.php,1047,0,0
1784795564185,378,Easy Calculation - Charts And Tables,200,OK,Easy_Calculation 1-6,text,true,,31053,147,16,16,https://www.easycalculation.com/charts-and-tables.php,378,0,0
1784795564221,351,Easy Calculation - Calculators,200,OK,Easy_Calculation 1-12,text,true,,48202,135,15,15,https://www.easycalculation.com/index.php,342,0,0
1784795564209,371,Easy Calculation - Charts And Tables,200,OK,Easy_Calculation 1-9,text,true,,31053,147,15,15,https://www.easycalculation.com/charts-and-tables.php,370,0,0
1784795564302,349,Easy Calculation - Calculators,200,OK,Easy_Calculation 1-2,text,true,,48202,135,15,15,https://www.easycalculation.com/index.php,339,0,0
1784795564339,330,Easy Calculation - Converters,200,OK,Easy_Calculation 1-15,text,true,,24254,151,15,15,https://www.easycalculation.com/unit-conversion/index.php,324,0,0
1784795564338,346,Easy Calculation - Currency,200,OK,Easy_Calculation 1-1,text,true,,19789,154,15,15,https://www.easycalculation.com/currency-converter/index.php,338,0,0
1784795564394,312,Easy Calculation - Currency,200,OK,Easy_Calculation 1-20,text,true,,19789,154,15,15,https://www.easycalculation.com/currency-converter/index.php,312,0,0
1784795564387,361,Easy Calculation - Calculators,200,OK,Easy_Calculation 1-17,text,true,,48202,135,15,15,https://www.easycalculation.com/index.php,360,0,0
1784795564451,347,Easy Calculation - Converters,200,OK,Easy_Calculation 1-7,text,true,,24254,151,15,15,https://www.easycalculation.com/unit-conversion/index.php,331,0,0
1784795564467,339,Easy Calculation - Currency,200,OK,Easy_Calculation 1-18,text,true,,19789,154,15,15,https://www.easycalculation.com/currency-converter/index.php,336,0,0
1784795564490,339,Easy Calculation - Calculators,200,OK,Easy_Calculation 1-10,text,true,,48202,135,15,15,https://www.easycalculation.com/index.php,331,0,0
1784795564164,665,Easy Calculation - Converters,200,OK,Easy_Calculation 1-16,text,true,,24254,151,15,15,https://www.easycalculation.com/unit-conversion/index.php,665,0,0
1784795564527,310,Easy Calculation - Converters,200,OK,Easy_Calculation 1-11,text,true,,24254,151,15,15,https://www.easycalculation.com/unit-conversion/index.php,305,0,0
1784795563971,872,Easy Calculation - Formulas,200,OK,Easy_Calculation 1-13,text,true,,23703,144,15,15,https://www.easycalculation.com/formulas/index.php,868,0,0
1784795564547,317,Easy Calculation - Formulas,200,OK,Easy_Calculation 1-19,text,true,,23703,144,15,15,https://www.easycalculation.com/formulas/index.php,315,0,0
1784795564572,326,Easy Calculation - Converters,200,OK,Easy_Calculation 1-12,text,true,,24254,151,15,15,https://www.easycalculation.com/unit-conversion/index.php,319,0,0
1784795564581,351,Easy Calculation - Calculators,200,OK,Easy_Calculation 1-9,text,true,,48202,135,15,15,https://www.easycalculation.com/index.php,329,0,0
1784795564669,313,Easy Calculation - Formulas,200,OK,Easy_Calculation 1-15,text,true,,23703,144,15,15,https://www.easycalculation.com/formulas/index.php,313,0,0
1784795564651,341,Easy Calculation - Converters,200,OK,Easy_Calculation 1-2,text,true,,24254,151,15,15,https://www.easycalculation.com/unit-conversion/index.php,336,0,0
1784795564684,338,Easy Calculation - Charts And Tables,200,OK,Easy_Calculation 1-1,text,true,,31053,147,15,15,https://www.easycalculation.com/charts-and-tables.php,323,0,0
1784795564707,324,Easy Calculation - Charts And Tables,200,OK,Easy_Calculation 1-20,text,true,,31053,147,15,15,https://www.easycalculation.com/charts-and-tables.php,317,0,0
1784795564748,339,Easy Calculation - Converters,200,OK,Easy_Calculation 1-17,text,true,,24254,151,15,15,https://www.easycalculation.com/unit-conversion/index.php,336,0,0
1784795564806,313,Easy Calculation - Charts And Tables,200,OK,Easy_Calculation 1-18,text,true,,31053,147,15,15,https://www.easycalculation.com/charts-and-tables.php,312,0,0
1784795564798,326,Easy Calculation - Formulas,200,OK,Easy_Calculation 1-7,text,true,,23703,144,15,15,https://www.easycalculation.com/formulas/index.php,325,0,0
1784795564829,310,Easy Calculation - Formulas,200,OK,Easy_Calculation 1-16,text,true,,23703,144,15,15,https://www.easycalculation.com/formulas/index.php,307,0,0
1784795564829,322,Easy Calculation - Converters,200,OK,Easy_Calculation 1-10,text,true,,24254,151,15,15,https://www.easycalculation.com/unit-conversion/index.php,318,0,0
1784795564837,325,Easy Calculation - Formulas,200,OK,Easy_Calculation 1-11,text,true,,23703,144,15,15,https://www.easycalculation.com/formulas/index.php,321,0,0
1784795564865,302,Easy Calculation - Currency,200,OK,Easy_Calculation 1-19,text,true,,19789,154,15,15,https://www.easycalculation.com/currency-converter/index.php,301,0,0
1784795564843,331,Easy Calculation - Currency,200,OK,Easy_Calculation 1-13,text,true,,19789,154,15,15,https://www.easycalculation.com/currency-converter/index.php,329,0,0
1784795564898,297,Easy Calculation - Formulas,200,OK,Easy_Calculation 1-12,text,true,,23703,144,15,15,https://www.easycalculation.com/formulas/index.php,296,0,0
1784795564933,339,Easy Calculation - Converters,200,OK,Easy_Calculation 1-9,text,true,,24254,151,15,15,https://www.easycalculation.com/unit-conversion/index.php,338,0,0
1784795564982,313,Easy Calculation - Currency,200,OK,Easy_Calculation 1-15,text,true,,19789,154,15,15,https://www.easycalculation.com/currency-converter/index.php,312,0,0
1784795564992,344,Easy Calculation - Formulas,200,OK,Easy_Calculation 1-2,text,true,,23703,144,15,15,https://www.easycalculation.com/formulas/index.php,332,0,0
1784795565031,329,Easy Calculation - Calculators,200,OK,Easy_Calculation 1-20,text,true,,48202,135,15,15,https://www.easycalculation.com/index.php,317,0,0
1784795565022,346,Easy Calculation - Calculators,200,OK,Easy_Calculation 1-1,text,true,,48202,135,15,15,https://www.easycalculation.com/index.php,341,0,0
1784795565087,336,Easy Calculation - Formulas,200,OK,Easy_Calculation 1-17,text,true,,23703,144,15,15,https://www.easycalculation.com/formulas/index.php,336,0,0
1784795565119,333,Easy Calculation - Calculators,200,OK,Easy_Calculation 1-18,text,true,,48202,135,15,15,https://www.easycalculation.com/index.php,313,0,0
1784795565139,315,Easy Calculation - Currency,200,OK,Easy_Calculation 1-16,text,true,,19789,154,15,15,https://www.easycalculation.com/currency-converter/index.php,313,0,0
1784795565125,338,Easy Calculation - Currency,200,OK,Easy_Calculation 1-7,text,true,,19789,154,15,15,https://www.easycalculation.com/currency-converter/index.php,333,0,0
1784795565151,340,Easy Calculation - Formulas,200,OK,Easy_Calculation 1-10,text,true,,23703,144,15,15,https://www.easycalculation.com/formulas/index.php,337,0,0
1784795564545,957,Easy Calculation - Formulas,200,OK,Easy_Calculation 1-14,text,true,,23703,144,15,15,https://www.easycalculation.com/formulas/index.php,953,0,0
1784795565167,353,Easy Calculation - Charts And Tables,200,OK,Easy_Calculation 1-19,text,true,,31053,147,15,15,https://www.easycalculation.com/charts-and-tables.php,337,0,0
1784795565162,377,Easy Calculation - Currency,200,OK,Easy_Calculation 1-11,text,true,,19789,154,15,15,https://www.easycalculation.com/currency-converter/index.php,369,0,0
1784795565195,352,Easy Calculation - Currency,200,OK,Easy_Calculation 1-12,text,true,,19789,154,15,15,https://www.easycalculation.com/currency-converter/index.php,351,0,0
1784795565174,389,Easy Calculation - Charts And Tables,200,OK,Easy_Calculation 1-13,text,true,,31053,147,15,15,https://www.easycalculation.com/charts-and-tables.php,379,0,0
1784795565273,310,Easy Calculation - Formulas,200,OK,Easy_Calculation 1-9,text,true,,23703,144,15,15,https://www.easycalculation.com/formulas/index.php,309,0,0
1784795565296,319,Easy Calculation - Charts And Tables,200,OK,Easy_Calculation 1-15,text,true,,31053,147,15,15,https://www.easycalculation.com/charts-and-tables.php,317,0,0
1784795565336,335,Easy Calculation - Currency,200,OK,Easy_Calculation 1-2,text,true,,19789,154,14,14,https://www.easycalculation.com/currency-converter/index.php,333,0,0
1784795565360,343,Easy Calculation - Converters,200,OK,Easy_Calculation 1-20,text,true,,24254,151,14,14,https://www.easycalculation.com/unit-conversion/index.php,337,0,0
1784795565368,356,Easy Calculation - Converters,200,OK,Easy_Calculation 1-1,text,true,,24254,151,14,14,https://www.easycalculation.com/unit-conversion/index.php,341,0,0
1784795565423,345,Easy Calculation - Currency,200,OK,Easy_Calculation 1-17,text,true,,19789,154,14,14,https://www.easycalculation.com/currency-converter/index.php,344,0,0
1784795565452,334,Easy Calculation - Converters,200,OK,Easy_Calculation 1-18,text,true,,24254,151,14,14,https://www.easycalculation.com/unit-conversion/index.php,332,0,0
1784795565463,369,Easy Calculation - Charts And Tables,200,OK,Easy_Calculation 1-7,text,true,,31053,147,14,14,https://www.easycalculation.com/charts-and-tables.php,363,0,0
1784795565520,344,Easy Calculation - Calculators,200,OK,Easy_Calculation 1-19,text,true,,48202,135,13,13,https://www.easycalculation.com/index.php,326,0,0
1784795565492,380,Easy Calculation - Currency,200,OK,Easy_Calculation 1-10,text,true,,19789,154,13,13,https://www.easycalculation.com/currency-converter/index.php,380,0,0
1784795565503,403,Easy Calculation - Currency,200,OK,Easy_Calculation 1-14,text,true,,19789,154,13,13,https://www.easycalculation.com/currency-converter/index.php,384,0,0
1784795565547,371,Easy Calculation - Charts And Tables,200,OK,Easy_Calculation 1-12,text,true,,31053,147,13,13,https://www.easycalculation.com/charts-and-tables.php,365,0,0
1784795565539,398,Easy Calculation - Charts And Tables,200,OK,Easy_Calculation 1-11,text,true,,31053,147,12,12,https://www.easycalculation.com/charts-and-tables.php,383,0,0
1784795565563,383,Easy Calculation - Calculators,200,OK,Easy_Calculation 1-13,text,true,,48202,135,12,12,https://www.easycalculation.com/index.php,376,0,0
1784795565584,391,Easy Calculation - Currency,200,OK,Easy_Calculation 1-9,text,true,,19789,154,12,12,https://www.easycalculation.com/currency-converter/index.php,383,0,0
1784795565703,374,Easy Calculation - Formulas,200,OK,Easy_Calculation 1-20,text,true,,23703,144,12,12,https://www.easycalculation.com/formulas/index.php,366,0,0
1784795565724,368,Easy Calculation - Formulas,200,OK,Easy_Calculation 1-1,text,true,,23703,144,12,12,https://www.easycalculation.com/formulas/index.php,362,0,0
1784795565672,433,Easy Calculation - Charts And Tables,200,OK,Easy_Calculation 1-2,text,true,,31053,147,12,12,https://www.easycalculation.com/charts-and-tables.php,428,0,0
1784795565787,325,Easy Calculation - Formulas,200,OK,Easy_Calculation 1-18,text,true,,23703,144,11,11,https://www.easycalculation.com/formulas/index.php,322,0,0
1784795565454,658,Easy Calculation - Charts And Tables,200,OK,Easy_Calculation 1-16,text,true,,31053,147,11,11,https://www.easycalculation.com/charts-and-tables.php,362,0,0
1784795565768,363,Easy Calculation - Charts And Tables,200,OK,Easy_Calculation 1-17,text,true,,31053,147,11,11,https://www.easycalculation.com/charts-and-tables.php,358,0,0
1784795565864,319,Easy Calculation - Converters,200,OK,Easy_Calculation 1-19,text,true,,24254,151,11,11,https://www.easycalculation.com/unit-conversion/index.php,319,0,0
1784795565872,340,Easy Calculation - Charts And Tables,200,OK,Easy_Calculation 1-10,text,true,,31053,147,11,11,https://www.easycalculation.com/charts-and-tables.php,331,0,0
1784795565937,333,Easy Calculation - Calculators,200,OK,Easy_Calculation 1-11,text,true,,48202,135,11,11,https://www.easycalculation.com/index.php,324,0,0
1784795565946,332,Easy Calculation - Converters,200,OK,Easy_Calculation 1-13,text,true,,24254,151,11,11,https://www.easycalculation.com/unit-conversion/index.php,332,0,0
1784795565975,317,Easy Calculation - Charts And Tables,200,OK,Easy_Calculation 1-9,text,true,,31053,147,11,11,https://www.easycalculation.com/charts-and-tables.php,315,0,0
1784795566078,300,Easy Calculation - Currency,200,OK,Easy_Calculation 1-20,text,true,,19789,154,10,10,https://www.easycalculation.com/currency-converter/index.php,299,0,0
1784795566092,316,Easy Calculation - Currency,200,OK,Easy_Calculation 1-1,text,true,,19789,154,10,10,https://www.easycalculation.com/currency-converter/index.php,315,0,0
1784795566113,304,Easy Calculation - Currency,200,OK,Easy_Calculation 1-18,text,true,,19789,154,10,10,https://www.easycalculation.com/currency-converter/index.php,303,0,0
1784795566132,349,Easy Calculation - Calculators,200,OK,Easy_Calculation 1-17,text,true,,48202,135,10,10,https://www.easycalculation.com/index.php,330,0,0
1784795566183,309,Easy Calculation - Formulas,200,OK,Easy_Calculation 1-19,text,true,,23703,144,10,10,https://www.easycalculation.com/formulas/index.php,306,0,0
1784795566212,339,Easy Calculation - Calculators,200,OK,Easy_Calculation 1-10,text,true,,48202,135,10,10,https://www.easycalculation.com/index.php,322,0,0
1784795566270,333,Easy Calculation - Converters,200,OK,Easy_Calculation 1-11,text,true,,24254,151,10,10,https://www.easycalculation.com/unit-conversion/index.php,314,0,0
1784795566279,338,Easy Calculation - Formulas,200,OK,Easy_Calculation 1-13,text,true,,23703,144,10,10,https://www.easycalculation.com/formulas/index.php,333,0,0
1784795566378,338,Easy Calculation - Charts And Tables,200,OK,Easy_Calculation 1-20,text,true,,31053,147,10,10,https://www.easycalculation.com/charts-and-tables.php,338,0,0
1784795566408,325,Easy Calculation - Charts And Tables,200,OK,Easy_Calculation 1-1,text,true,,31053,147,10,10,https://www.easycalculation.com/charts-and-tables.php,320,0,0
1784795566417,327,Easy Calculation - Charts And Tables,200,OK,Easy_Calculation 1-18,text,true,,31053,147,9,9,https://www.easycalculation.com/charts-and-tables.php,322,0,0
1784795566113,631,Easy Calculation - Calculators,200,OK,Easy_Calculation 1-16,text,true,,48202,135,9,9,https://www.easycalculation.com/index.php,308,0,0
1784795566493,296,Easy Calculation - Currency,200,OK,Easy_Calculation 1-19,text,true,,19789,154,8,8,https://www.easycalculation.com/currency-converter/index.php,295,0,0
1784795566481,334,Easy Calculation - Converters,200,OK,Easy_Calculation 1-17,text,true,,24254,151,8,8,https://www.easycalculation.com/unit-conversion/index.php,332,0,0
1784795566551,322,Easy Calculation - Converters,200,OK,Easy_Calculation 1-10,text,true,,24254,151,8,8,https://www.easycalculation.com/unit-conversion/index.php,322,0,0
1784795566603,313,Easy Calculation - Formulas,200,OK,Easy_Calculation 1-11,text,true,,23703,144,8,8,https://www.easycalculation.com/formulas/index.php,312,0,0
1784795566618,328,Easy Calculation - Currency,200,OK,Easy_Calculation 1-13,text,true,,19789,154,8,8,https://www.easycalculation.com/currency-converter/index.php,328,0,0
1784795566716,353,Easy Calculation - Calculators,200,OK,Easy_Calculation 1-20,text,true,,48202,135,8,8,https://www.easycalculation.com/index.php,337,0,0
1784795566744,346,Easy Calculation - Converters,200,OK,Easy_Calculation 1-16,text,true,,24254,151,8,8,https://www.easycalculation.com/unit-conversion/index.php,332,0,0
1784795566789,331,Easy Calculation - Charts And Tables,200,OK,Easy_Calculation 1-19,text,true,,31053,147,8,8,https://www.easycalculation.com/charts-and-tables.php,330,0,0
1784795565906,1225,Easy Calculation - Charts And Tables,200,OK,Easy_Calculation 1-14,text,true,,31053,147,7,7,https://www.easycalculation.com/charts-and-tables.php,897,0,0
1784795566815,332,Easy Calculation - Formulas,200,OK,Easy_Calculation 1-17,text,true,,23703,144,7,7,https://www.easycalculation.com/formulas/index.php,332,0,0
1784795566873,344,Easy Calculation - Formulas,200,OK,Easy_Calculation 1-10,text,true,,23703,144,7,7,https://www.easycalculation.com/formulas/index.php,338,0,0
1784795566917,318,Easy Calculation - Currency,200,OK,Easy_Calculation 1-11,text,true,,19789,154,7,7,https://www.easycalculation.com/currency-converter/index.php,316,0,0
1784795566946,345,Easy Calculation - Charts And Tables,200,OK,Easy_Calculation 1-13,text,true,,31053,147,7,7,https://www.easycalculation.com/charts-and-tables.php,339,0,0
1784795567069,310,Easy Calculation - Converters,200,OK,Easy_Calculation 1-20,text,true,,24254,151,7,7,https://www.easycalculation.com/unit-conversion/index.php,308,0,0
1784795567090,316,Easy Calculation - Formulas,200,OK,Easy_Calculation 1-16,text,true,,23703,144,7,7,https://www.easycalculation.com/formulas/index.php,315,0,0
1784795567131,354,Easy Calculation - Calculators,200,OK,Easy_Calculation 1-14,text,true,,48202,135,7,7,https://www.easycalculation.com/index.php,335,0,0
1784795567147,376,Easy Calculation - Currency,200,OK,Easy_Calculation 1-17,text,true,,19789,154,7,7,https://www.easycalculation.com/currency-converter/index.php,375,0,0
1784795567217,429,Easy Calculation - Currency,200,OK,Easy_Calculation 1-10,text,true,,19789,154,7,7,https://www.easycalculation.com/currency-converter/index.php,416,0,0
1784795567235,412,Easy Calculation - Charts And Tables,200,OK,Easy_Calculation 1-11,text,true,,31053,147,7,7,https://www.easycalculation.com/charts-and-tables.php,411,0,0
1784795567291,362,Easy Calculation - Calculators,200,OK,Easy_Calculation 1-13,text,true,,48202,135,6,6,https://www.easycalculation.com/index.php,362,0,0
1784795567379,314,Easy Calculation - Formulas,200,OK,Easy_Calculation 1-20,text,true,,23703,144,6,6,https://www.easycalculation.com/formulas/index.php,309,0,0
1784795567406,322,Easy Calculation - Currency,200,OK,Easy_Calculation 1-16,text,true,,19789,154,6,6,https://www.easycalculation.com/currency-converter/index.php,322,0,0
1784795567486,376,Easy Calculation - Converters,200,OK,Easy_Calculation 1-14,text,true,,24254,151,6,6,https://www.easycalculation.com/unit-conversion/index.php,376,0,0
1784795567523,394,Easy Calculation - Charts And Tables,200,OK,Easy_Calculation 1-17,text,true,,31053,147,6,6,https://www.easycalculation.com/charts-and-tables.php,362,0,0
1784795567646,370,Easy Calculation - Charts And Tables,200,OK,Easy_Calculation 1-10,text,true,,31053,147,6,6,https://www.easycalculation.com/charts-and-tables.php,363,0,0
1784795567653,395,Easy Calculation - Converters,200,OK,Easy_Calculation 1-13,text,true,,24254,151,6,6,https://www.easycalculation.com/unit-conversion/index.php,393,0,0
1784795567693,357,Easy Calculation - Currency,200,OK,Easy_Calculation 1-20,text,true,,19789,154,6,6,https://www.easycalculation.com/currency-converter/index.php,355,0,0
1784795567728,385,Easy Calculation - Charts And Tables,200,OK,Easy_Calculation 1-16,text,true,,31053,147,6,6,https://www.easycalculation.com/charts-and-tables.php,363,0,0
1784795567862,350,Easy Calculation - Formulas,200,OK,Easy_Calculation 1-14,text,true,,23703,144,6,6,https://www.easycalculation.com/formulas/index.php,335,0,0
1784795567917,396,Easy Calculation - Calculators,200,OK,Easy_Calculation 1-17,text,true,,48202,135,6,6,https://www.easycalculation.com/index.php,360,0,0
1784795568048,6336,Easy Calculation - Formulas,200,OK,Easy_Calculation 1-13,text,true,,23703,144,6,6,https://www.easycalculation.com/formulas/index.php,6209,0,0
1784795568212,6534,Easy Calculation - Currency,200,OK,Easy_Calculation 1-14,text,true,,19789,154,6,6,https://www.easycalculation.com/currency-converter/index.php,6077,0,0
1784795568313,6446,Easy Calculation - Converters,200,OK,Easy_Calculation 1-17,text,true,,24254,151,6,6,https://www.easycalculation.com/unit-conversion/index.php,5982,0,0
1784795574382,381,Easy Calculation - Currency,200,OK,Easy_Calculation 1-13,text,true,,19789,154,6,6,https://www.easycalculation.com/currency-converter/index.php,379,0,0
1784795574764,410,Easy Calculation - Charts And Tables,200,OK,Easy_Calculation 1-13,text,true,,31053,147,6,6,https://www.easycalculation.com/charts-and-tables.php,366,0,0
1784795574758,449,Easy Calculation - Formulas,200,OK,Easy_Calculation 1-17,text,true,,23703,144,5,5,https://www.easycalculation.com/formulas/index.php,433,0,0
1784795574744,675,Easy Calculation - Charts And Tables,200,OK,Easy_Calculation 1-14,text,true,,31053,147,5,5,https://www.easycalculation.com/charts-and-tables.php,342,0,0
1784795575207,548,Easy Calculation - Currency,200,OK,Easy_Calculation 1-17,text,true,,19789,154,4,4,https://www.easycalculation.com/currency-converter/index.php,547,0,0
1784795568016,8076,Easy Calculation - Calculators,200,OK,Easy_Calculation 1-10,text,true,,48202,135,4,4,https://www.easycalculation.com/index.php,6366,0,0
1784795575755,346,Easy Calculation - Charts And Tables,200,OK,Easy_Calculation 1-17,text,true,,31053,147,4,4,https://www.easycalculation.com/charts-and-tables.php,335,0,0
1784795576090,329,Easy Calculation - Converters,200,OK,Easy_Calculation 1-10,text,true,,24254,151,3,3,https://www.easycalculation.com/unit-conversion/index.php,314,0,0
1784795576419,489,Easy Calculation - Formulas,200,OK,Easy_Calculation 1-10,text,true,,23703,144,3,3,https://www.easycalculation.com/formulas/index.php,484,0,0
1784795576909,394,Easy Calculation - Currency,200,OK,Easy_Calculation 1-10,text,true,,19789,154,3,3,https://www.easycalculation.com/currency-converter/index.php,394,0,0
1784795577304,441,Easy Calculation - Charts And Tables,200,OK,Easy_Calculation 1-10,text,true,,31053,147,3,3,https://www.easycalculation.com/charts-and-tables.php,408,0,0
1784795568050,11379,Easy Calculation - Charts And Tables,200,OK,Easy_Calculation 1-20,text,true,,31053,147,2,2,https://www.easycalculation.com/charts-and-tables.php,10303,0,0
1784795568113,15000,Easy Calculation - Calculators,200,OK,Easy_Calculation 1-16,text,true,,48202,135,1,1,https://www.easycalculation.com/index.php,11415,0,0
1784795583114,1955,Easy Calculation - Converters,200,OK,Easy_Calculation 1-16,text,true,,24254,151,1,1,https://www.easycalculation.com/unit-conversion/index.php,1327,0,0
1784795585069,736,Easy Calculation - Formulas,200,OK,Easy_Calculation 1-16,text,true,,23703,144,1,1,https://www.easycalculation.com/formulas/index.php,364,0,0
1784795585805,309,Easy Calculation - Currency,200,OK,Easy_Calculation 1-16,text,true,,19789,154,1,1,https://www.easycalculation.com/currency-converter/index.php,308,0,0
1784795586114,883,Easy Calculation - Charts And Tables,200,OK,Easy_Calculation 1-16,text,true,,31053,147,1,1,https://www.easycalculation.com/charts-and-tables.php,359,0,0
1784795586998,647,Easy Calculation - Calculators,200,OK,Easy_Calculation 1-16,text,true,,48202,135,1,1,https://www.easycalculation.com/index.php,328,0,0
1784795587646,2892,Easy Calculation - Converters,200,OK,Easy_Calculation 1-16,text,true,,24254,151,1,1,https://www.easycalculation.com/unit-conversion/index.php,2835,0,2079
1784795590538,340,Easy Calculation - Formulas,200,OK,Easy_Calculation 1-16,text,true,,23703,144,1,1,https://www.easycalculation.com/formulas/index.php,332,0,0
1784795590878,427,Easy Calculation - Currency,200,OK,Easy_Calculation 1-16,text,true,,19789,154,1,1,https://www.easycalculation.com/currency-converter/index.php,425,0,0
1784795591305,532,Easy Calculation - Charts And Tables,200,OK,Easy_Calculation 1-16,text,true,,31053,147,1,1,https://www.easycalculation.com/charts-and-tables.php,486,0,0
1784795591837,2313,Easy Calculation - Calculators,200,OK,Easy_Calculation 1-16,text,true,,48202,135,1,1,https://www.easycalculation.com/index.php,683,0,0
1784795594150,742,Easy Calculation - Converters,200,OK,Easy_Calculation 1-16,text,true,,24254,151,1,1,https://www.easycalculation.com/unit-conversion/index.php,679,0,0
1784795594892,888,Easy Calculation - Formulas,200,OK,Easy_Calculation 1-16,text,true,,23703,144,1,1,https://www.easycalculation.com/formulas/index.php,813,0,0
1784795595780,1313,Easy Calculation - Currency,200,OK,Easy_Calculation 1-16,text,true,,19789,154,1,1,https://www.easycalculation.com/currency-converter/index.php,1313,0,0
1784795597093,862,Easy Calculation - Charts And Tables,200,OK,Easy_Calculation 1-16,text,true,,31053,147,1,1,https://www.easycalculation.com/charts-and-tables.php,562,0,0
